BEGIN TRANSACTION;
CREATE TABLE IF NOT EXISTS "categoria" (
	"catCodigo"	INTEGER,
	"catNombre"	TEXT NOT NULL UNIQUE,
	PRIMARY KEY("catCodigo" AUTOINCREMENT)
);
CREATE TABLE IF NOT EXISTS "cliente" (
	"cteCodigo"	INTEGER,
	"cteNombre"	TEXT NOT NULL,
	"cteApellido"	TEXT NOT NULL,
	"cteEmail"	TEXT NOT NULL UNIQUE,
	"cteFechaRegistro"	TEXT NOT NULL,
	"CteDOB"	TEXT NOT NULL,
	PRIMARY KEY("cteCodigo" AUTOINCREMENT)
);
CREATE TABLE IF NOT EXISTS "producto" (
	"proCodigo"	INTEGER NOT NULL,
	"proNombre"	TEXT NOT NULL UNIQUE,
	"catCodigo"	INTEGER NOT NULL,
	"proPrecio"	REAL NOT NULL,
	"proCosto"	REAL NOT NULL,
	"proStock"	INTEGER NOT NULL DEFAULT 0,
	"proActivo"	INTEGER NOT NULL,
	"proParaLaVenta"	INTEGER NOT NULL,
	PRIMARY KEY("proCodigo" AUTOINCREMENT),
	FOREIGN KEY("catCodigo") REFERENCES "categoria"("catCodigo")
);
CREATE TABLE IF NOT EXISTS "tienda" (
	"tieCodigo"	INTEGER,
	"tieNombre"	TEXT UNIQUE,
	"tieCiudad"	TEXT NOT NULL,
	"tieRegion"	TEXT NOT NULL,
	PRIMARY KEY("tieCodigo" AUTOINCREMENT)
);
CREATE TABLE IF NOT EXISTS "venta" (
	"vtaCodigo"	INTEGER,
	"cteCodigo"	INTEGER NOT NULL,
	"tieCodigo"	INTEGER NOT NULL,
	"vtaFecha"	TEXT NOT NULL,
	"vtaHora"	TEXT NOT NULL,
	"vtaTotal"	REAL NOT NULL,
	PRIMARY KEY("vtaCodigo" AUTOINCREMENT),
	FOREIGN KEY("cteCodigo") REFERENCES "cliente"("cteCodigo"),
	FOREIGN KEY("tieCodigo") REFERENCES "tienda"("tieCodigo")
);
CREATE TABLE IF NOT EXISTS "venta_detalle" (
	"detVtaCodigo"	INTEGER,
	"vtaCodigo"	INTEGER NOT NULL,
	"proCodigo"	INTEGER NOT NULL,
	"unidad"	INTEGER NOT NULL,
	"precio_unitario"	REAL NOT NULL,
	"subtotal"	REAL NOT NULL,
	PRIMARY KEY("detVtaCodigo" AUTOINCREMENT),
	FOREIGN KEY("proCodigo") REFERENCES "producto"("proCodigo"),
	FOREIGN KEY("vtaCodigo") REFERENCES "venta"("vtaCodigo")
);
INSERT INTO "categoria" VALUES (1,'Televisores'),
 (2,'Computadoras'),
 (3,'Smartphones'),
 (4,'Audio'),
 (5,'Linea Blanca'),
 (6,'Accesorios'),
 (7,'Cámaras');
INSERT INTO "cliente" VALUES (1,'Ana','Gómez','ana.gomez@email.com','2023-01-15','1985-03-20'),
 (2,'Luis','Pérez','luis.perez@email.com','2023-02-01','1990-07-10'),
 (3,'María','Rodríguez','maria.rodriguez@email.com','2023-02-20','1978-11-05'),
 (4,'Carlos','Díaz','carlos.diaz@email.com','2023-03-05','1992-01-25'),
 (5,'Sofía','Martínez','sofia.martinez@email.com','2023-03-18','1988-09-12'),
 (6,'Javier','Hernández','javier.hernandez@email.com','2023-04-01','1975-04-30'),
 (7,'Laura','López','laura.lopez@email.com','2023-04-10','1995-06-18'),
 (8,'Diego','González','diego.gonzalez@email.com','2023-04-25','1980-02-14'),
 (9,'Elena','Sánchez','elena.sanchez@email.com','2023-05-02','1993-10-01'),
 (10,'Pablo','Ramírez','pablo.ramirez@email.com','2023-05-15','1987-12-22'),
 (11,'Valeria','Torres','valeria.torres@email.com','2023-06-01','1998-08-08'),
 (12,'Andrés','Flores','andres.flores@email.com','2023-06-10','1970-05-03'),
 (13,'Isabel','Morales','isabel.morales@email.com','2023-06-25','1982-01-17'),
 (14,'Fernando','Vargas','fernando.vargas@email.com','2023-07-01','1991-03-29'),
 (15,'Gabriela','Rojas','gabriela.rojas@email.com','2023-07-12','1984-07-07'),
 (16,'Miguel','Jiménez','miguel.jimenez@email.com','2023-07-28','1979-09-01'),
 (17,'Daniela','Castro','daniela.castro@email.com','2023-08-05','1996-04-24'),
 (18,'Ricardo','Ruiz','ricardo.ruiz@email.com','2023-08-18','1983-11-11'),
 (19,'Carolina','Herrera','carolina.herrera@email.com','2023-09-01','1976-06-06'),
 (20,'Jorge','Mendoza','jorge.mendoza@email.com','2023-09-10','1994-02-02'),
 (21,'Paula','Navarro','paula.navarro@email.com','2023-09-25','1989-10-19'),
 (22,'Roberto','Guerrero','roberto.guerrero@email.com','2023-10-01','1972-07-27'),
 (23,'Andrea','Ortiz','andrea.ortiz@email.com','2023-10-15','1997-03-14'),
 (24,'Sergio','Castillo','sergio.castillo@email.com','2023-10-28','1981-08-03'),
 (25,'Natalia','Reyes','natalia.reyes@email.com','2023-11-05','1990-05-21'),
 (26,'Alejandro','Cruz','alejandro.cruz@email.com','2023-11-18','1977-01-09'),
 (27,'Adriana','Soto','adriana.soto@email.com','2023-12-01','1999-11-30'),
 (28,'Juan','Gutiérrez','juan.gutierrez@email.com','2023-12-10','1986-04-16'),
 (29,'Camila','Silva','camila.silva@email.com','2023-12-25','1973-12-04'),
 (30,'Felipe','Aguilar','felipe.aguilar@email.com','2024-01-01','1992-09-09'),
 (31,'Mariana','Paredes','mariana.paredes@email.com','2024-01-10','1980-02-28'),
 (32,'Esteban','Blanco','esteban.blanco@email.com','2024-01-25','1995-07-17'),
 (33,'Lorena','Vásquez','lorena.vasquez@email.com','2024-02-01','1974-03-01'),
 (34,'Cristian','Molina','cristian.molina@email.com','2024-02-15','1988-10-26'),
 (35,'Daniel','Salazar','daniel.salazar@email.com','2024-02-28','1993-06-05'),
 (36,'Viviana','Delgado','viviana.delgado@email.com','2024-03-05','1971-01-13'),
 (37,'José','Rojas','jose.rojas@email.com','2024-03-18','1998-04-02'),
 (38,'Laura','Vega','laura.vega@email.com','2024-04-01','1985-09-23'),
 (39,'Pedro','León','pedro.leon@email.com','2024-04-10','1979-11-15'),
 (40,'Sofía','Cabrera','sofia.cabrera@email.com','2024-04-25','1991-08-06'),
 (41,'Manuel','Peña','manuel.pena@email.com','2024-05-02','1976-05-10'),
 (42,'Renata','Vidal','renata.vidal@email.com','2024-05-15','1994-01-20'),
 (43,'Francisco','Núñez','francisco.nunez@email.com','2024-06-01','1982-07-09'),
 (44,'Martina','Bravo','martina.bravo@email.com','2024-06-10','1970-03-25'),
 (45,'Benjamín','Soto','benjamin.soto@email.com','2024-06-25','1996-10-11'),
 (46,'Sara','Tapia','sara.tapia@email.com','2024-07-01','1983-05-07'),
 (47,'Gabriel','Fuentes','gabriel.fuentes@email.com','2024-07-12','1977-02-19'),
 (48,'Lucía','Gallardo','lucia.gallardo@email.com','2024-07-28','1999-09-04'),
 (49,'Tomás','Contreras','tomas.contreras@email.com','2024-08-05','1980-12-12'),
 (50,'Emilia','Miranda','emilia.miranda@email.com','2024-08-18','1997-06-30');
INSERT INTO "producto" VALUES (1,'Smart TV 55" 4K OLED Serie X',1,1200.0,850.0,45,1,1),
 (2,'Laptop Gaming ROG Strix G15',2,1500.0,1100.0,30,1,1),
 (3,'Smartphone Galaxy S24 Ultra',3,1199.0,900.0,55,1,1),
 (4,'Auriculares Inalámbricos Bose QC45',4,299.0,180.0,80,1,1),
 (5,'Refrigerador French Door 25 pies',5,2100.0,1500.0,20,1,1),
 (6,'Cámara Mirrorless Sony Alpha 7 IV',7,2499.0,1900.0,15,1,1),
 (7,'Barra de Sonido Dolby Atmos HW-Q990C',4,899.0,600.0,40,1,1),
 (8,'Monitor Curvo Gaming 34" Ultrawide',2,650.0,450.0,35,1,1),
 (9,'Smartwatch Apple Watch Series 9',6,399.0,280.0,70,1,1),
 (10,'Lavadora Carga Frontal 18kg',5,950.0,680.0,25,1,1),
 (11,'Drone DJI Mavic 3 Pro',7,2199.0,1700.0,12,1,1),
 (12,'Tablet Samsung Galaxy Tab S9+',2,999.0,750.0,28,1,1),
 (13,'Altavoz Inteligente Echo Dot 5ta Gen',4,49.99,25.0,90,1,1),
 (14,'Smart TV 65" QLED Serie Z',1,1800.0,1300.0,22,1,1),
 (15,'Laptop HP Spectre x360 14"',2,1300.0,950.0,33,1,1),
 (16,'Smartphone iPhone 15 Pro Max',3,1299.0,980.0,50,1,1),
 (17,'Auriculares Bluetooth Sony WH-1000XM5',4,349.0,220.0,75,1,1),
 (18,'Secadora de Ropa a Gas 22kg',5,800.0,550.0,18,1,1),
 (19,'Cámara de Acción GoPro Hero 12 Black',7,449.0,300.0,40,1,1),
 (20,'Teclado Mecánico Gaming HyperX Alloy',6,120.0,70.0,65,1,1),
 (21,'Router Wi-Fi 6E Tri-Band AXE5400',6,199.0,110.0,50,1,1),
 (22,'Impresora Multifuncional Epson EcoTank',2,280.0,170.0,48,1,1),
 (23,'Smart TV 43" Full HD Serie A',1,450.0,300.0,60,1,1),
 (24,'Minicomponente LG XBOOM CL98',4,600.0,400.0,30,1,1),
 (25,'Cafetera Automática DeLonghi',5,750.0,500.0,20,1,1),
 (26,'Proyector 4K Ultra Short Throw',1,2999.0,2200.0,10,1,1),
 (27,'Sistema de Seguridad Smart Home Arlo',6,350.0,200.0,40,1,1),
 (28,'Smartphone Xiaomi 13T Pro',3,799.0,580.0,52,1,1),
 (29,'Audífonos Deportivos Powerbeats Pro',4,199.0,120.0,70,1,1),
 (30,'Horno Microondas con Convección',5,250.0,150.0,35,1,1),
 (31,'Cámara DSLR Canon EOS R50',7,799.0,550.0,25,1,1),
 (32,'Disco Duro Externo 2TB Seagate',6,80.0,45.0,85,1,1),
 (33,'Smart TV 75" Mini LED Serie P',1,2500.0,1800.0,15,1,1),
 (34,'Laptop Dell XPS 15',2,1800.0,1300.0,28,1,1),
 (35,'Smartphone Google Pixel 8 Pro',3,999.0,750.0,58,1,1),
 (36,'Soundbar Samsung HW-S800B',4,499.0,320.0,42,1,1),
 (37,'Aspiradora Robot Roomba j7+',5,699.0,450.0,30,1,1),
 (38,'Gimbal Estabilizador DJI Osmo Mobile 6',7,159.0,90.0,60,1,1),
 (39,'Mouse Gaming Logitech G502X',6,79.0,40.0,95,1,1),
 (40,'Smart TV 32" HD Serie Basic',1,250.0,150.0,70,1,1),
 (41,'Auriculares Gaming HyperX Cloud Alpha',4,99.0,55.0,80,1,1),
 (42,'Estufa a Gas 6 Quemadores',5,600.0,400.0,22,1,1),
 (43,'Cámara Compacta Sony ZV-1F',7,499.0,350.0,38,1,1),
 (44,'Memoria USB 128GB SanDisk',6,25.0,10.0,100,1,1),
 (45,'Smart TV 50" 4K UHD Serie B',1,550.0,380.0,50,1,1),
 (46,'Laptop Acer Swift 3',2,700.0,480.0,40,1,1),
 (47,'Smartphone OnePlus 11',3,699.0,500.0,60,1,1),
 (48,'Sistema de Audio Multiroom Sonos One',4,219.0,140.0,55,1,1),
 (49,'Lavavajillas Empotrable Bosch',5,850.0,600.0,17,1,1),
 (50,'Cámara de Seguridad Reolink Argus 3 Pro',7,120.0,70.0,70,1,1),
 (51,'Webcam Logitech C920S',6,69.0,35.0,88,1,1),
 (52,'Smart TV 85" Neo QLED 8K',1,4999.0,3800.0,10,1,1),
 (53,'Desktop Gaming Alienware Aurora R15',2,2800.0,2000.0,15,1,1),
 (54,'Smartphone Samsung Galaxy Z Fold5',3,1799.0,1300.0,30,1,1),
 (55,'Auriculares Apple AirPods Pro 2da Gen',4,249.0,160.0,78,1,1),
 (56,'Congelador Horizontal 150L',5,350.0,220.0,25,1,1),
 (57,'Cámara Instantánea Fujifilm Instax Mini 12',7,79.0,45.0,90,1,1),
 (58,'Mochila para Laptop 15.6"',6,45.0,20.0,95,1,1),
 (59,'Smart TV 58" 4K UHD Serie C',1,650.0,450.0,40,1,1),
 (60,'Laptop Lenovo Yoga 7i',2,900.0,650.0,32,1,1),
 (61,'Smartphone Realme GT 2 Pro',3,599.0,400.0,65,1,1),
 (62,'Altavoz Portátil JBL Flip 6',4,129.0,75.0,85,1,1),
 (63,'Licuadora de Alta Potencia Vitamix',5,400.0,280.0,28,1,1),
 (64,'Cámara de Vigilancia PTZ 360',7,90.0,50.0,75,1,1),
 (65,'Adaptador USB-C a HDMI',6,20.0,8.0,100,1,1),
 (66,'Smart TV 70" 4K UHD Serie D',1,999.0,700.0,30,1,1),
 (67,'Laptop Microsoft Surface Laptop 5',2,1100.0,800.0,20,1,1),
 (68,'Smartphone Vivo X90 Pro+',3,1099.0,800.0,45,1,1),
 (69,'Barra de Sonido LG SP9YA',4,699.0,480.0,38,1,1),
 (70,'Horno Eléctrico de Convección',5,180.0,100.0,50,1,1),
 (71,'Cámara de Seguridad Ring Stick Up Cam',7,99.0,60.0,60,1,1),
 (72,'Extensor de Rango Wi-Fi TP-Link',6,50.0,25.0,70,1,1),
 (73,'Smart TV 40" Full HD Serie E',1,380.0,250.0,55,1,1),
 (74,'Auriculares con Cable Sennheiser HD 599',4,150.0,90.0,65,1,1),
 (75,'Aspiradora de Mano Inalámbrica Dyson V15',5,650.0,450.0,22,1,1),
 (76,'Cámara de Fotos Instantánea Polaroid Now+',7,149.0,90.0,50,1,1),
 (77,'Cable HDMI 2.1 2 Metros',6,15.0,5.0,90,1,1),
 (78,'Smart TV 60" 4K UHD Serie F',1,750.0,520.0,35,1,1),
 (79,'Laptop Asus ZenBook 14 OLED',2,1000.0,720.0,27,1,1),
 (80,'Smartphone Honor Magic5 Pro',3,899.0,650.0,48,1,1),
 (81,'Sistema de Sonido Home Theater 5.1 Onkyo',4,1200.0,850.0,18,1,1),
 (82,'Lavadora-Secadora Combo',5,1300.0,950.0,15,1,1),
 (83,'Cámara de Video Profesional Blackmagic',7,1999.0,1500.0,10,1,1),
 (84,'Power Bank 20000mAh',6,40.0,20.0,80,1,1),
 (85,'Smart TV 55" QLED Serie G',1,1100.0,780.0,42,1,1),
 (86,'Laptop HP Envy 13',2,850.0,600.0,30,1,1),
 (87,'Smartphone Nothing Phone (2)',3,649.0,450.0,55,1,1),
 (88,'Auriculares Abiertos Philips Fidelio X2HR',4,180.0,110.0,70,1,1),
 (89,'Horno Tostador con Air Fryer',5,120.0,70.0,60,1,1),
 (90,'Cámara de Seguridad para Exteriores Eufy',7,160.0,100.0,50,1,1),
 (91,'Adaptador de Red USB Wi-Fi',6,30.0,15.0,90,1,1),
 (92,'Smart TV 65" OLED Serie H',1,1900.0,1400.0,20,1,1),
 (93,'Laptop Gaming MSI Katana 15',2,1400.0,1000.0,25,1,1),
 (94,'Smartphone Redmi Note 12 Pro+',3,399.0,280.0,75,1,1),
 (95,'Altavoz Bluetooth JBL Charge 5',4,179.0,100.0,80,1,1),
 (96,'Refrigerador Top Freezer 12 pies',5,700.0,480.0,30,1,1),
 (97,'Cámara de Vlogging Sony ZV-E10',7,699.0,500.0,40,1,1),
 (98,'Estuche para Audífonos',6,10.0,4.0,100,1,1),
 (99,'Smart TV 70" QLED Serie I',1,1600.0,1150.0,28,1,1),
 (100,'Laptop Asus ROG Zephyrus G14',2,1600.0,1200.0,22,1,1),
 (101,'Smartphone POCO F5 Pro',3,499.0,350.0,60,1,1),
 (102,'Auriculares In-Ear Sennheiser Momentum True Wireless 3',4,279.0,170.0,68,1,1),
 (103,'Lavadora Portátil 8kg',5,300.0,180.0,40,1,1),
 (104,'Cámara de Seguridad para Bebés',7,80.0,45.0,70,1,1),
 (105,'Teclado Inalámbrico Logitech K380',6,40.0,20.0,85,1,1),
 (106,'Smart TV 4K 55" Ultra HD',1,700.0,500.0,45,1,1),
 (107,'Laptop Dell Inspiron 14',2,600.0,400.0,35,1,1),
 (108,'Smartphone Samsung Galaxy A54',3,400.0,280.0,52,1,1),
 (109,'Auriculares JBL Tune 710BT',4,80.0,45.0,95,1,1),
 (110,'Microondas Digital 0.7 pies cúbicos',5,90.0,50.0,60,1,1),
 (111,'Cámara de Seguridad Interior TP-Link Tapo C200',7,35.0,20.0,80,1,1),
 (112,'Mouse Inalámbrico Logitech M220',6,25.0,10.0,100,1,1);
INSERT INTO "tienda" VALUES (1,'ElectroMarket Centro Bogotá','Bogotá','Andina'),
 (2,'ElectroMarket Norte Medellín','Medellín','Andina'),
 (3,'ElectroMarket Sur Cali','Cali','Pacífico'),
 (4,'ElectroMarket Barranquilla','Barranquilla','Caribe'),
 (5,'ElectroMarket Bucaramanga','Bucaramanga','Andina'),
 (6,'ElectroMarket Cartagena','Cartagena','Caribe'),
 (7,'ElectroMarket Pereira','Pereira','Cafetera'),
 (8,'ElectroMarket Manizales','Manizales','Cafetera'),
 (9,'ElectroMarket Armenia','Armenia','Cafetera'),
 (10,'ElectroMarket Villavicencio','Villavicencio','Orinoquía'),
 (11,'ElectroMarket Cúcuta','Cúcuta','Andina'),
 (12,'ElectroMarket Pasto','Pasto','Pacífico'),
 (13,'ElectroMarket Neiva','Neiva','Andina'),
 (14,'ElectroMarket Ibagué','Ibagué','Andina'),
 (15,'ElectroMarket Santa Marta','Santa Marta','Caribe'),
 (16,'ElectroMarket Valledupar','Valledupar','Caribe'),
 (17,'ElectroMarket Riohacha','Riohacha','Caribe'),
 (18,'ElectroMarket Tunja','Tunja','Andina'),
 (19,'ElectroMarket Popayán','Popayán','Pacífico'),
 (20,'ElectroMarket Montería','Montería','Caribe');
INSERT INTO "venta" VALUES (1,25,3,'2024-03-10','14:30:00',1250.75),
 (2,12,7,'2024-05-22','10:15:30',899.99),
 (3,48,1,'2024-01-05','18:00:15',345.5),
 (4,19,5,'2024-11-01','09:45:00',2100.0),
 (5,42,8,'2025-02-14','16:20:00',560.25),
 (6,1,2,'2024-07-07','11:11:11',150.0),
 (7,50,9,'2025-06-30','20:05:00',980.5),
 (8,33,4,'2024-04-18','13:50:40',720.0),
 (9,17,6,'2024-09-12','17:35:25',1800.0),
 (10,10,10,'2025-01-20','12:00:00',400.0),
 (11,20,3,'2024-02-28','15:00:00',1100.0),
 (12,30,7,'2024-06-15','10:00:00',950.0),
 (13,40,1,'2024-01-20','19:00:00',450.0),
 (14,50,5,'2024-10-10','08:30:00',2500.0),
 (15,10,8,'2025-03-01','17:00:00',600.0),
 (16,20,2,'2024-08-01','12:00:00',200.0),
 (17,30,9,'2025-07-10','21:00:00',1050.0),
 (18,40,4,'2024-05-05','14:00:00',800.0),
 (19,50,6,'2024-09-20','18:00:00',1900.0),
 (20,5,10,'2025-01-01','11:00:00',500.0),
 (21,15,3,'2024-03-20','13:00:00',1300.0),
 (22,22,7,'2024-05-01','09:00:00',900.0),
 (23,38,1,'2024-02-10','16:00:00',300.0),
 (24,49,5,'2024-12-01','10:00:00',2200.0),
 (25,18,8,'2025-04-01','15:00:00',700.0),
 (26,19,2,'2024-07-15','11:00:00',180.0),
 (27,27,9,'2025-06-01','19:00:00',1000.0),
 (28,38,4,'2024-04-01','12:00:00',750.0),
 (29,45,6,'2024-10-01','16:00:00',1700.0),
 (30,2,10,'2025-02-01','10:00:00',420.0),
 (31,28,3,'2024-04-05','14:00:00',1400.0),
 (32,35,7,'2024-06-01','11:00:00',1000.0),
 (33,47,1,'2024-03-01','17:00:00',380.0),
 (34,50,5,'2025-01-10','09:00:00',2300.0),
 (35,16,8,'2025-05-01','16:00:00',650.0),
 (36,22,2,'2024-08-10','13:00:00',220.0),
 (37,31,9,'2025-07-01','20:00:00',1150.0),
 (38,44,4,'2024-05-10','15:00:00',850.0),
 (39,48,6,'2024-11-15','18:00:00',1850.0),
 (40,11,10,'2025-03-01','12:00:00',480.0),
 (41,18,3,'2024-01-25','10:00:00',1150.0),
 (42,27,7,'2024-04-10','15:00:00',920.0),
 (43,36,1,'2024-02-20','18:00:00',360.0),
 (44,44,5,'2024-11-20','09:00:00',2000.0),
 (45,11,8,'2025-01-05','14:00:00',580.0),
 (46,19,2,'2024-06-20','10:00:00',170.0),
 (47,28,9,'2025-05-15','19:00:00',970.0),
 (48,39,4,'2024-03-15','11:00:00',700.0),
 (49,45,6,'2024-09-01','15:00:00',1600.0),
 (50,16,10,'2025-04-01','13:00:00',440.0),
 (51,13,3,'2024-02-05','11:00:00',1200.0),
 (52,23,7,'2024-03-25','16:00:00',880.0),
 (53,31,1,'2024-01-10','19:00:00',320.0),
 (54,39,5,'2024-10-25','08:00:00',2400.0),
 (55,16,8,'2025-02-20','17:00:00',540.0),
 (56,14,2,'2024-07-01','12:00:00',160.0),
 (57,21,9,'2025-06-10','21:00:00',1020.0),
 (58,31,4,'2024-04-05','13:00:00',780.0),
 (59,42,6,'2024-09-05','17:00:00',1750.0),
 (60,34,10,'2025-01-15','11:00:00',410.0),
 (61,47,3,'2024-03-05','14:00:00',1350.0),
 (62,4,7,'2024-05-10','10:00:00',910.0),
 (63,7,1,'2024-01-30','18:00:00',330.0),
 (64,14,5,'2024-12-10','09:00:00',2150.0),
 (65,16,8,'2025-03-10','15:00:00',630.0),
 (66,17,2,'2024-08-20','11:00:00',190.0),
 (67,19,9,'2025-07-05','20:00:00',1080.0),
 (68,21,4,'2024-05-25','14:00:00',820.0),
 (69,24,6,'2024-10-15','16:00:00',1820.0),
 (70,26,10,'2025-02-10','10:00:00',460.0),
 (71,29,3,'2024-04-15','13:00:00',1450.0),
 (72,32,7,'2024-06-25','11:00:00',1050.0),
 (73,34,1,'2024-03-10','17:00:00',390.0),
 (74,37,5,'2025-01-20','09:00:00',2350.0),
 (75,41,8,'2025-05-10','16:00:00',680.0),
 (76,43,2,'2024-08-25','13:00:00',230.0),
 (77,48,9,'2025-07-15','20:00:00',1200.0),
 (78,50,4,'2024-06-05','15:00:00',870.0),
 (79,17,6,'2024-11-25','18:00:00',1880.0),
 (80,14,10,'2025-03-10','12:00:00',490.0),
 (81,15,3,'2024-02-15','10:00:00',1180.0),
 (82,23,7,'2024-04-20','15:00:00',940.0),
 (83,31,1,'2024-01-15','19:00:00',350.0),
 (84,39,5,'2024-11-05','08:30:00',2050.0),
 (85,20,8,'2025-02-25','17:00:00',570.0),
 (86,21,2,'2024-07-20','12:00:00',175.0),
 (87,22,9,'2025-06-05','21:00:00',990.0),
 (88,23,4,'2024-04-25','14:00:00',730.0),
 (89,24,6,'2024-09-15','18:00:00',1810.0),
 (90,25,10,'2025-01-25','11:00:00',430.0),
 (91,26,3,'2024-03-25','13:00:00',1320.0),
 (92,27,7,'2024-05-05','09:00:00',930.0),
 (93,28,1,'2024-02-15','16:00:00',310.0),
 (94,29,5,'2024-12-05','10:00:00',2250.0),
 (95,30,8,'2025-04-05','15:00:00',710.0),
 (96,31,2,'2024-07-25','11:00:00',185.0),
 (97,32,9,'2025-06-15','19:00:00',1010.0),
 (98,33,4,'2024-04-10','12:00:00',760.0),
 (99,34,6,'2024-10-05','16:00:00',1720.0),
 (100,35,10,'2025-02-05','10:00:00',450.0),
 (101,36,3,'2024-04-10','14:00:00',1420.0),
 (102,37,7,'2024-06-10','11:00:00',1020.0),
 (103,38,1,'2024-03-05','17:00:00',370.0),
 (104,39,5,'2025-01-15','09:00:00',2320.0),
 (105,40,8,'2025-05-05','16:00:00',660.0),
 (106,41,2,'2024-08-15','13:00:00',225.0),
 (107,42,9,'2025-07-05','20:00:00',1180.0),
 (108,43,4,'2024-05-15','15:00:00',860.0),
 (109,44,6,'2024-11-20','18:00:00',1870.0),
 (110,45,10,'2025-03-05','12:00:00',470.0),
 (111,46,3,'2024-01-30','10:00:00',1170.0),
 (112,47,7,'2024-04-25','15:00:00',930.0),
 (113,48,1,'2024-02-25','18:00:00',355.0),
 (114,49,5,'2024-11-25','09:00:00',2020.0),
 (115,50,8,'2025-01-10','14:00:00',590.0),
 (116,1,2,'2024-06-25','10:00:00',180.0),
 (117,2,9,'2025-05-20','19:00:00',980.0),
 (118,3,4,'2024-03-20','11:00:00',710.0),
 (119,4,6,'2024-09-10','15:00:00',1650.0),
 (120,5,10,'2025-04-05','13:00:00',460.0),
 (121,6,3,'2024-02-10','11:00:00',1220.0),
 (122,7,7,'2024-03-30','16:00:00',890.0),
 (123,8,1,'2024-01-15','19:00:00',335.0),
 (124,9,5,'2024-10-30','08:00:00',2450.0),
 (125,10,8,'2025-02-25','17:00:00',550.0),
 (126,11,2,'2024-07-05','12:00:00',165.0),
 (127,12,9,'2025-06-15','21:00:00',1040.0),
 (128,13,4,'2024-04-10','13:00:00',790.0),
 (129,14,6,'2024-09-10','17:00:00',1780.0),
 (130,15,10,'2025-01-20','11:00:00',420.0),
 (131,16,3,'2024-03-10','14:00:00',1380.0),
 (132,17,7,'2024-05-15','10:00:00',900.0),
 (133,18,1,'2024-02-01','18:00:00',340.0),
 (134,19,5,'2024-12-15','09:00:00',2180.0),
 (135,20,8,'2025-03-15','15:00:00',640.0),
 (136,21,2,'2024-08-05','11:00:00',195.0),
 (137,22,9,'2025-07-10','20:00:00',1100.0),
 (138,23,4,'2024-05-30','14:00:00',830.0),
 (139,24,6,'2024-10-20','16:00:00',1840.0),
 (140,25,10,'2025-02-15','10:00:00',470.0),
 (141,26,3,'2024-04-20','13:00:00',1480.0),
 (142,27,7,'2024-06-30','11:00:00',1080.0),
 (143,28,1,'2024-03-15','17:00:00',400.0),
 (144,29,5,'2025-01-25','09:00:00',2380.0),
 (145,30,8,'2025-05-15','16:00:00',700.0),
 (146,31,2,'2024-08-30','13:00:00',240.0),
 (147,32,9,'2025-07-20','20:00:00',1250.0),
 (148,33,4,'2024-06-10','15:00:00',890.0),
 (149,34,6,'2024-12-01','18:00:00',1900.0),
 (150,35,10,'2025-03-15','12:00:00',500.0),
 (151,36,3,'2024-02-20','10:00:00',1200.0),
 (152,37,7,'2024-05-05','15:00:00',960.0),
 (153,38,1,'2024-01-20','19:00:00',360.0),
 (154,39,5,'2024-11-10','08:30:00',2100.0),
 (155,40,8,'2025-02-05','17:00:00',600.0),
 (156,41,2,'2024-07-10','12:00:00',180.0),
 (157,42,9,'2025-06-20','21:00:00',1050.0),
 (158,43,4,'2024-04-20','14:00:00',800.0),
 (159,44,6,'2024-09-25','18:00:00',1800.0),
 (160,45,10,'2025-01-30','11:00:00',440.0),
 (161,46,3,'2024-03-01','13:00:00',1280.0),
 (162,47,7,'2024-05-20','09:00:00',950.0),
 (163,48,1,'2024-02-05','16:00:00',320.0),
 (164,49,5,'2024-12-20','10:00:00',2200.0),
 (165,50,8,'2025-04-10','15:00:00',720.0),
 (166,1,2,'2024-07-30','11:00:00',190.0),
 (167,2,9,'2025-07-01','19:00:00',1000.0),
 (168,3,4,'2024-05-01','12:00:00',750.0),
 (169,4,6,'2024-10-05','16:00:00',1700.0),
 (170,5,10,'2025-02-20','10:00:00',480.0),
 (171,6,3,'2024-04-05','14:00:00',1400.0),
 (172,7,7,'2024-06-01','11:00:00',1000.0),
 (173,8,1,'2024-03-01','17:00:00',380.0),
 (174,9,5,'2025-01-10','09:00:00',2300.0),
 (175,10,8,'2025-05-01','16:00:00',650.0),
 (176,11,2,'2024-08-10','13:00:00',220.0),
 (177,12,9,'2025-07-01','20:00:00',1150.0),
 (178,13,4,'2024-05-10','15:00:00',850.0),
 (179,14,6,'2024-11-15','18:00:00',1850.0),
 (180,15,10,'2025-03-01','12:00:00',480.0),
 (181,16,3,'2024-01-25','10:00:00',1150.0),
 (182,17,7,'2024-04-10','15:00:00',920.0),
 (183,18,1,'2024-02-20','18:00:00',360.0),
 (184,19,5,'2024-11-20','09:00:00',2000.0),
 (185,20,8,'2025-01-05','14:00:00',580.0),
 (186,21,2,'2024-06-20','10:00:00',170.0),
 (187,22,9,'2025-05-15','19:00:00',970.0),
 (188,23,4,'2024-03-15','11:00:00',700.0),
 (189,24,6,'2024-09-01','15:00:00',1600.0),
 (190,25,10,'2025-04-01','13:00:00',440.0),
 (191,26,3,'2024-02-05','11:00:00',1200.0),
 (192,27,7,'2024-03-25','16:00:00',880.0),
 (193,28,1,'2024-01-10','19:00:00',320.0),
 (194,29,5,'2024-10-25','08:00:00',2400.0),
 (195,30,8,'2025-02-20','17:00:00',540.0),
 (196,31,2,'2024-07-01','12:00:00',160.0),
 (197,32,9,'2025-06-10','21:00:00',1020.0),
 (198,33,4,'2024-04-05','13:00:00',780.0),
 (199,34,6,'2024-09-05','17:00:00',1750.0),
 (200,35,10,'2025-01-15','11:00:00',410.0),
 (201,36,3,'2024-03-05','14:00:00',1350.0),
 (202,37,7,'2024-05-10','10:00:00',910.0),
 (203,38,1,'2024-01-30','18:00:00',330.0),
 (204,39,5,'2024-12-10','09:00:00',2150.0),
 (205,40,8,'2025-03-10','15:00:00',630.0),
 (206,41,2,'2024-08-20','11:00:00',190.0),
 (207,42,9,'2025-07-05','20:00:00',1080.0),
 (208,43,4,'2024-05-25','14:00:00',820.0),
 (209,44,6,'2024-10-15','16:00:00',1820.0),
 (210,45,10,'2025-02-10','10:00:00',460.0),
 (211,46,3,'2024-04-15','13:00:00',1450.0),
 (212,47,7,'2024-06-25','11:00:00',1050.0),
 (213,48,1,'2024-03-10','17:00:00',390.0),
 (214,49,5,'2025-01-20','09:00:00',2350.0),
 (215,50,8,'2025-05-10','16:00:00',680.0),
 (216,1,2,'2024-08-25','13:00:00',230.0),
 (217,2,9,'2025-07-15','20:00:00',1200.0),
 (218,3,4,'2024-06-05','15:00:00',870.0),
 (219,4,6,'2024-11-25','18:00:00',1880.0),
 (220,5,10,'2025-03-10','12:00:00',490.0),
 (221,6,3,'2024-02-15','10:00:00',1180.0),
 (222,7,7,'2024-04-20','15:00:00',940.0),
 (223,8,1,'2024-01-15','19:00:00',350.0),
 (224,9,5,'2024-11-05','08:30:00',2050.0),
 (225,10,8,'2025-02-25','17:00:00',570.0),
 (226,11,2,'2024-07-20','12:00:00',175.0),
 (227,12,9,'2025-06-05','21:00:00',990.0),
 (228,13,4,'2024-04-25','14:00:00',730.0),
 (229,14,6,'2024-09-15','18:00:00',1810.0),
 (230,15,10,'2025-01-25','11:00:00',430.0),
 (231,16,3,'2024-03-25','13:00:00',1320.0),
 (232,17,7,'2024-05-05','09:00:00',930.0),
 (233,18,1,'2024-02-15','16:00:00',310.0),
 (234,19,5,'2024-12-05','10:00:00',2250.0),
 (235,20,8,'2025-04-05','15:00:00',710.0),
 (236,21,2,'2024-07-25','11:00:00',185.0),
 (237,22,9,'2025-06-15','19:00:00',1010.0),
 (238,23,4,'2024-04-10','12:00:00',760.0),
 (239,24,6,'2024-10-05','16:00:00',1720.0),
 (240,25,10,'2025-02-05','10:00:00',450.0),
 (241,26,3,'2024-04-10','14:00:00',1420.0),
 (242,27,7,'2024-06-10','11:00:00',1020.0),
 (243,28,1,'2024-03-05','17:00:00',370.0),
 (244,29,5,'2025-01-15','09:00:00',2320.0),
 (245,30,8,'2025-05-05','16:00:00',660.0),
 (246,31,2,'2024-08-15','13:00:00',225.0),
 (247,32,9,'2025-07-05','20:00:00',1180.0),
 (248,33,4,'2024-05-15','15:00:00',860.0),
 (249,34,6,'2024-11-20','18:00:00',1870.0),
 (250,35,10,'2025-03-05','12:00:00',470.0),
 (251,36,3,'2024-01-30','10:00:00',1170.0),
 (252,37,7,'2024-04-25','15:00:00',930.0),
 (253,38,1,'2024-02-25','18:00:00',355.0),
 (254,39,5,'2024-11-25','09:00:00',2020.0),
 (255,40,8,'2025-01-10','14:00:00',590.0),
 (256,41,2,'2024-06-25','10:00:00',180.0),
 (257,42,9,'2025-05-20','19:00:00',980.0),
 (258,43,4,'2024-03-20','11:00:00',710.0),
 (259,44,6,'2024-09-10','15:00:00',1650.0),
 (260,45,10,'2025-04-05','13:00:00',460.0),
 (261,46,3,'2024-02-10','11:00:00',1220.0),
 (262,47,7,'2024-03-30','16:00:00',890.0),
 (263,48,1,'2024-01-15','19:00:00',335.0),
 (264,49,5,'2024-10-30','08:00:00',2450.0),
 (265,50,8,'2025-02-25','17:00:00',550.0),
 (266,1,2,'2024-07-05','12:00:00',165.0),
 (267,2,9,'2025-06-15','21:00:00',1040.0),
 (268,3,4,'2024-04-10','13:00:00',790.0),
 (269,4,6,'2024-09-10','17:00:00',1780.0),
 (270,5,10,'2025-01-20','11:00:00',420.0),
 (271,6,3,'2024-03-10','14:00:00',1380.0),
 (272,7,7,'2024-05-15','10:00:00',900.0),
 (273,8,1,'2024-02-01','18:00:00',340.0),
 (274,9,5,'2024-12-15','09:00:00',2180.0),
 (275,10,8,'2025-03-15','15:00:00',640.0),
 (276,11,2,'2024-08-05','11:00:00',195.0),
 (277,12,9,'2025-07-10','20:00:00',1100.0),
 (278,13,4,'2024-05-30','14:00:00',830.0),
 (279,14,6,'2024-10-20','16:00:00',1840.0),
 (280,15,10,'2025-02-15','10:00:00',470.0),
 (281,16,3,'2024-04-20','13:00:00',1480.0),
 (282,17,7,'2024-06-30','11:00:00',1080.0),
 (283,18,1,'2024-03-15','17:00:00',400.0),
 (284,19,5,'2025-01-25','09:00:00',2380.0),
 (285,20,8,'2025-05-15','16:00:00',700.0),
 (286,21,2,'2024-08-30','13:00:00',240.0),
 (287,22,9,'2025-07-20','20:00:00',1250.0),
 (288,23,4,'2024-06-10','15:00:00',890.0),
 (289,24,6,'2024-12-01','18:00:00',1900.0),
 (290,25,10,'2025-03-15','12:00:00',500.0),
 (291,26,3,'2024-02-20','10:00:00',1200.0),
 (292,27,7,'2024-05-05','15:00:00',960.0),
 (293,28,1,'2024-01-20','19:00:00',360.0),
 (294,29,5,'2024-11-10','08:30:00',2100.0),
 (295,30,8,'2025-02-05','17:00:00',600.0),
 (296,31,2,'2024-07-10','12:00:00',180.0),
 (297,32,9,'2025-06-20','21:00:00',1050.0),
 (298,33,4,'2024-04-20','14:00:00',800.0),
 (299,34,6,'2024-09-25','18:00:00',1800.0),
 (300,35,10,'2025-01-30','11:00:00',440.0),
 (301,36,3,'2024-03-01','13:00:00',1280.0),
 (302,37,7,'2024-05-20','09:00:00',950.0),
 (303,38,1,'2024-02-05','16:00:00',320.0),
 (304,39,5,'2024-12-20','10:00:00',2200.0),
 (305,40,8,'2025-04-10','15:00:00',720.0),
 (306,41,2,'2024-07-30','11:00:00',190.0),
 (307,42,9,'2025-07-01','19:00:00',1000.0),
 (308,43,4,'2024-05-01','12:00:00',750.0),
 (309,44,6,'2024-10-05','16:00:00',1700.0),
 (310,45,10,'2025-02-20','10:00:00',480.0),
 (311,46,3,'2024-04-05','14:00:00',1400.0),
 (312,47,7,'2024-06-01','11:00:00',1000.0),
 (313,48,1,'2024-03-01','17:00:00',380.0),
 (314,49,5,'2025-01-10','09:00:00',2300.0),
 (315,50,8,'2025-05-01','16:00:00',650.0),
 (316,1,2,'2024-08-10','13:00:00',220.0),
 (317,2,9,'2025-07-01','20:00:00',1150.0),
 (318,3,4,'2024-05-10','15:00:00',850.0),
 (319,4,6,'2024-11-15','18:00:00',1850.0),
 (320,5,10,'2025-03-01','12:00:00',480.0),
 (321,6,3,'2024-01-25','10:00:00',1150.0),
 (322,7,7,'2024-04-10','15:00:00',920.0),
 (323,8,1,'2024-02-20','18:00:00',360.0),
 (324,9,5,'2024-11-20','09:00:00',2000.0),
 (325,10,8,'2025-01-05','14:00:00',580.0),
 (326,11,2,'2024-06-20','10:00:00',170.0),
 (327,12,9,'2025-05-15','19:00:00',970.0),
 (328,13,4,'2024-03-15','11:00:00',700.0),
 (329,14,6,'2024-09-01','15:00:00',1600.0),
 (330,15,10,'2025-04-01','13:00:00',440.0),
 (331,16,3,'2024-02-05','11:00:00',1200.0),
 (332,17,7,'2024-03-25','16:00:00',880.0),
 (333,18,1,'2024-01-10','19:00:00',320.0),
 (334,19,5,'2024-10-25','08:00:00',2400.0),
 (335,20,8,'2025-02-20','17:00:00',540.0),
 (336,21,2,'2024-07-01','12:00:00',160.0),
 (337,22,9,'2025-06-10','21:00:00',1020.0),
 (338,23,4,'2024-04-05','13:00:00',780.0),
 (339,24,6,'2024-09-05','17:00:00',1750.0),
 (340,25,10,'2025-01-15','11:00:00',410.0),
 (341,26,3,'2024-03-05','14:00:00',1350.0),
 (342,27,7,'2024-05-10','10:00:00',910.0),
 (343,28,1,'2024-01-30','18:00:00',330.0),
 (344,29,5,'2024-12-10','09:00:00',2150.0),
 (345,30,8,'2025-03-10','15:00:00',630.0),
 (346,31,2,'2024-08-20','11:00:00',190.0),
 (347,32,9,'2025-07-05','20:00:00',1080.0),
 (348,33,4,'2024-05-25','14:00:00',820.0),
 (349,34,6,'2024-10-15','16:00:00',1820.0),
 (350,35,10,'2025-02-10','10:00:00',460.0),
 (351,36,3,'2024-04-15','13:00:00',1450.0),
 (352,37,7,'2024-06-25','11:00:00',1050.0),
 (353,38,1,'2024-03-10','17:00:00',390.0),
 (354,39,5,'2025-01-20','09:00:00',2350.0),
 (355,40,8,'2025-05-10','16:00:00',680.0),
 (356,41,2,'2024-08-25','13:00:00',230.0),
 (357,42,9,'2025-07-15','20:00:00',1200.0),
 (358,43,4,'2024-06-05','15:00:00',870.0),
 (359,44,6,'2024-11-25','18:00:00',1880.0),
 (360,45,10,'2025-03-10','12:00:00',490.0),
 (361,46,3,'2024-02-15','10:00:00',1180.0),
 (362,47,7,'2024-04-20','15:00:00',940.0),
 (363,48,1,'2024-01-15','19:00:00',350.0),
 (364,49,5,'2024-11-05','08:30:00',2050.0),
 (365,50,8,'2025-02-25','17:00:00',570.0),
 (366,1,2,'2024-07-20','12:00:00',175.0),
 (367,2,9,'2025-06-05','21:00:00',990.0),
 (368,3,4,'2024-04-25','14:00:00',730.0),
 (369,4,6,'2024-09-15','18:00:00',1810.0),
 (370,5,10,'2025-01-25','11:00:00',430.0),
 (371,6,3,'2024-03-25','13:00:00',1320.0),
 (372,7,7,'2024-05-05','09:00:00',930.0),
 (373,8,1,'2024-02-15','16:00:00',310.0),
 (374,9,5,'2024-12-05','10:00:00',2250.0),
 (375,10,8,'2025-04-05','15:00:00',710.0),
 (376,11,2,'2024-07-25','11:00:00',185.0),
 (377,12,9,'2025-06-15','19:00:00',1010.0),
 (378,13,4,'2024-04-10','12:00:00',760.0),
 (379,14,6,'2024-10-05','16:00:00',1720.0),
 (380,15,10,'2025-02-05','10:00:00',450.0),
 (381,16,3,'2024-04-10','14:00:00',1420.0),
 (382,17,7,'2024-06-10','11:00:00',1020.0),
 (383,18,1,'2024-03-05','17:00:00',370.0),
 (384,19,5,'2025-01-15','09:00:00',2320.0),
 (385,20,8,'2025-05-05','16:00:00',660.0),
 (386,21,2,'2024-08-15','13:00:00',225.0),
 (387,22,9,'2025-07-05','20:00:00',1180.0),
 (388,23,4,'2024-05-15','15:00:00',860.0),
 (389,24,6,'2024-11-20','18:00:00',1870.0),
 (390,25,10,'2025-03-05','12:00:00',470.0),
 (391,26,3,'2024-01-30','10:00:00',1170.0),
 (392,27,7,'2024-04-25','15:00:00',930.0),
 (393,28,1,'2024-02-25','18:00:00',355.0),
 (394,29,5,'2024-11-25','09:00:00',2020.0),
 (395,30,8,'2025-01-10','14:00:00',590.0),
 (396,31,2,'2024-06-25','10:00:00',180.0),
 (397,32,9,'2025-05-20','19:00:00',980.0),
 (398,33,4,'2024-03-20','11:00:00',710.0),
 (399,34,6,'2024-09-10','15:00:00',1650.0),
 (400,35,10,'2025-04-05','13:00:00',460.0),
 (401,36,3,'2024-02-10','11:00:00',1220.0),
 (402,37,7,'2024-03-30','16:00:00',890.0),
 (403,38,1,'2024-01-15','19:00:00',335.0),
 (404,39,5,'2024-10-30','08:00:00',2450.0),
 (405,40,8,'2025-02-25','17:00:00',550.0),
 (406,41,2,'2024-07-05','12:00:00',165.0),
 (407,42,9,'2025-06-15','21:00:00',1040.0),
 (408,43,4,'2024-04-10','13:00:00',790.0),
 (409,44,6,'2024-09-10','17:00:00',1780.0),
 (410,45,10,'2025-01-20','11:00:00',420.0),
 (411,46,3,'2024-03-10','14:00:00',1380.0),
 (412,47,7,'2024-05-15','10:00:00',900.0),
 (413,48,1,'2024-02-01','18:00:00',340.0),
 (414,49,5,'2024-12-15','09:00:00',2180.0),
 (415,50,8,'2025-03-15','15:00:00',640.0),
 (416,1,2,'2024-08-05','11:00:00',195.0),
 (417,2,9,'2025-07-10','20:00:00',1100.0),
 (418,3,4,'2024-05-30','14:00:00',830.0),
 (419,4,6,'2024-10-20','16:00:00',1840.0),
 (420,5,10,'2025-02-15','10:00:00',470.0),
 (421,6,3,'2024-04-20','13:00:00',1480.0),
 (422,7,7,'2024-06-30','11:00:00',1080.0),
 (423,8,1,'2024-03-15','17:00:00',400.0),
 (424,9,5,'2025-01-25','09:00:00',2380.0),
 (425,10,8,'2025-05-15','16:00:00',700.0),
 (426,11,2,'2024-08-30','13:00:00',240.0),
 (427,12,9,'2025-07-20','20:00:00',1250.0),
 (428,13,4,'2024-06-10','15:00:00',890.0),
 (429,14,6,'2024-12-01','18:00:00',1900.0),
 (430,15,10,'2025-03-15','12:00:00',500.0),
 (431,16,3,'2024-02-20','10:00:00',1200.0),
 (432,17,7,'2024-05-05','15:00:00',960.0),
 (433,18,1,'2024-01-20','19:00:00',360.0),
 (434,19,5,'2024-11-10','08:30:00',2100.0),
 (435,20,8,'2025-02-05','17:00:00',600.0),
 (436,21,2,'2024-07-10','12:00:00',180.0),
 (437,22,9,'2025-06-20','21:00:00',1050.0),
 (438,23,4,'2024-04-20','14:00:00',800.0),
 (439,24,6,'2024-09-25','18:00:00',1800.0),
 (440,25,10,'2025-01-30','11:00:00',440.0),
 (441,26,3,'2024-03-01','13:00:00',1280.0),
 (442,27,7,'2024-05-20','09:00:00',950.0),
 (443,28,1,'2024-02-05','16:00:00',320.0),
 (444,29,5,'2024-12-20','10:00:00',2200.0),
 (445,30,8,'2025-04-10','15:00:00',720.0),
 (446,31,2,'2024-07-30','11:00:00',190.0),
 (447,32,9,'2025-07-01','19:00:00',1000.0),
 (448,33,4,'2024-05-01','12:00:00',750.0),
 (449,34,6,'2024-10-05','16:00:00',1700.0),
 (450,35,10,'2025-02-20','10:00:00',480.0),
 (451,36,3,'2024-04-05','14:00:00',1400.0),
 (452,37,7,'2024-06-01','11:00:00',1000.0),
 (453,38,1,'2024-03-01','17:00:00',380.0),
 (454,39,5,'2025-01-10','09:00:00',2300.0),
 (455,40,8,'2025-05-01','16:00:00',650.0),
 (456,41,2,'2024-08-10','13:00:00',220.0),
 (457,42,9,'2025-07-01','20:00:00',1150.0),
 (458,43,4,'2024-05-10','15:00:00',850.0),
 (459,44,6,'2024-11-15','18:00:00',1850.0),
 (460,45,10,'2025-03-01','12:00:00',480.0),
 (461,46,3,'2024-01-25','10:00:00',1150.0),
 (462,47,7,'2024-04-10','15:00:00',920.0),
 (463,48,1,'2024-02-20','18:00:00',360.0),
 (464,49,5,'2024-11-20','09:00:00',2000.0),
 (465,50,8,'2025-01-05','14:00:00',580.0),
 (466,1,2,'2024-06-20','10:00:00',170.0),
 (467,2,9,'2025-05-15','19:00:00',970.0),
 (468,3,4,'2024-03-15','11:00:00',700.0),
 (469,4,6,'2024-09-01','15:00:00',1600.0),
 (470,5,10,'2025-04-01','13:00:00',440.0),
 (471,6,3,'2024-02-05','11:00:00',1200.0),
 (472,7,7,'2024-03-25','16:00:00',880.0),
 (473,8,1,'2024-01-10','19:00:00',320.0),
 (474,9,5,'2024-10-25','08:00:00',2400.0),
 (475,10,8,'2025-02-20','17:00:00',540.0),
 (476,11,2,'2024-07-01','12:00:00',160.0),
 (477,12,9,'2025-06-10','21:00:00',1020.0),
 (478,13,4,'2024-04-05','13:00:00',780.0),
 (479,14,6,'2024-09-05','17:00:00',1750.0),
 (480,15,10,'2025-01-15','11:00:00',410.0),
 (481,16,3,'2024-03-05','14:00:00',1350.0),
 (482,17,7,'2024-05-10','10:00:00',910.0),
 (483,18,1,'2024-01-30','18:00:00',330.0),
 (484,19,5,'2024-12-10','09:00:00',2150.0),
 (485,20,8,'2025-03-10','15:00:00',630.0),
 (486,21,2,'2024-08-20','11:00:00',190.0),
 (487,22,9,'2025-07-05','20:00:00',1080.0),
 (488,23,4,'2024-05-25','14:00:00',820.0),
 (489,24,6,'2024-10-15','16:00:00',1820.0),
 (490,25,10,'2025-02-10','10:00:00',460.0),
 (491,26,3,'2024-04-15','13:00:00',1450.0),
 (492,27,7,'2024-06-25','11:00:00',1050.0),
 (493,28,1,'2024-03-10','17:00:00',390.0),
 (494,29,5,'2025-01-20','09:00:00',2350.0),
 (495,30,8,'2025-05-10','16:00:00',680.0),
 (496,31,2,'2024-08-25','13:00:00',230.0),
 (497,32,9,'2025-07-15','20:00:00',1200.0),
 (498,33,4,'2024-06-05','15:00:00',870.0),
 (499,34,6,'2024-11-25','18:00:00',1880.0),
 (500,35,10,'2025-03-10','12:00:00',490.0),
 (501,36,3,'2024-02-15','10:00:00',1180.0),
 (502,37,7,'2024-04-20','15:00:00',940.0),
 (503,38,1,'2024-01-15','19:00:00',350.0),
 (504,39,5,'2024-11-05','08:30:00',2050.0),
 (505,40,8,'2025-02-25','17:00:00',570.0),
 (506,41,2,'2024-07-20','12:00:00',175.0),
 (507,42,9,'2025-06-05','21:00:00',990.0),
 (508,43,4,'2024-04-25','14:00:00',730.0),
 (509,44,6,'2024-09-15','18:00:00',1810.0),
 (510,45,10,'2025-01-25','11:00:00',430.0),
 (511,46,3,'2024-03-25','13:00:00',1320.0),
 (512,47,7,'2024-05-05','09:00:00',930.0),
 (513,48,1,'2024-02-15','16:00:00',310.0),
 (514,49,5,'2024-12-05','10:00:00',2250.0),
 (515,50,8,'2025-04-05','15:00:00',710.0),
 (516,1,2,'2024-07-25','11:00:00',185.0),
 (517,2,9,'2025-06-15','19:00:00',1010.0),
 (518,3,4,'2024-04-10','12:00:00',760.0),
 (519,4,6,'2024-10-05','16:00:00',1720.0),
 (520,5,10,'2025-02-05','10:00:00',450.0),
 (521,6,3,'2024-04-10','14:00:00',1420.0),
 (522,7,7,'2024-06-10','11:00:00',1020.0),
 (523,8,1,'2024-03-05','17:00:00',370.0),
 (524,9,5,'2025-01-15','09:00:00',2320.0),
 (525,10,8,'2025-05-05','16:00:00',660.0),
 (526,11,2,'2024-08-15','13:00:00',225.0),
 (527,12,9,'2025-07-05','20:00:00',1180.0),
 (528,13,4,'2024-05-15','15:00:00',860.0),
 (529,14,6,'2024-11-20','18:00:00',1870.0),
 (530,15,10,'2025-03-05','12:00:00',470.0),
 (531,16,3,'2024-01-30','10:00:00',1170.0),
 (532,17,7,'2024-04-25','15:00:00',930.0),
 (533,18,1,'2024-02-25','18:00:00',355.0),
 (534,19,5,'2024-11-25','09:00:00',2020.0),
 (535,20,8,'2025-01-10','14:00:00',590.0),
 (536,21,2,'2024-06-25','10:00:00',180.0),
 (537,22,9,'2025-05-20','19:00:00',980.0),
 (538,23,4,'2024-03-20','11:00:00',710.0),
 (539,24,6,'2024-09-10','15:00:00',1650.0),
 (540,25,10,'2025-04-05','13:00:00',460.0),
 (541,26,3,'2024-02-10','11:00:00',1220.0),
 (542,27,7,'2024-03-30','16:00:00',890.0),
 (543,28,1,'2024-01-15','19:00:00',335.0),
 (544,29,5,'2024-10-30','08:00:00',2450.0),
 (545,30,8,'2025-02-25','17:00:00',550.0),
 (546,31,2,'2024-07-05','12:00:00',165.0),
 (547,32,9,'2025-06-15','21:00:00',1040.0),
 (548,33,4,'2024-04-10','13:00:00',790.0),
 (549,34,6,'2024-09-10','17:00:00',1780.0),
 (550,35,10,'2025-01-20','11:00:00',420.0),
 (551,36,3,'2024-03-10','14:00:00',1380.0),
 (552,37,7,'2024-05-15','10:00:00',900.0),
 (553,38,1,'2024-02-01','18:00:00',340.0),
 (554,39,5,'2024-12-15','09:00:00',2180.0),
 (555,40,8,'2025-03-15','15:00:00',640.0),
 (556,41,2,'2024-08-05','11:00:00',195.0),
 (557,42,9,'2025-07-10','20:00:00',1100.0),
 (558,43,4,'2024-05-30','14:00:00',830.0),
 (559,44,6,'2024-10-20','16:00:00',1840.0),
 (560,45,10,'2025-02-15','10:00:00',470.0),
 (561,46,3,'2024-04-20','13:00:00',1480.0),
 (562,47,7,'2024-06-30','11:00:00',1080.0),
 (563,48,1,'2024-03-15','17:00:00',400.0),
 (564,49,5,'2025-01-25','09:00:00',2380.0),
 (565,50,8,'2025-05-15','16:00:00',700.0),
 (566,1,2,'2024-08-30','13:00:00',240.0),
 (567,2,9,'2025-07-20','20:00:00',1250.0),
 (568,3,4,'2024-06-10','15:00:00',890.0),
 (569,4,6,'2024-12-01','18:00:00',1900.0),
 (570,5,10,'2025-03-15','12:00:00',500.0),
 (571,6,3,'2024-02-20','10:00:00',1200.0),
 (572,7,7,'2024-05-05','15:00:00',960.0),
 (573,8,1,'2024-01-20','19:00:00',360.0),
 (574,9,5,'2024-11-10','08:30:00',2100.0),
 (575,10,8,'2025-02-05','17:00:00',600.0),
 (576,11,2,'2024-07-10','12:00:00',180.0),
 (577,12,9,'2025-06-20','21:00:00',1050.0),
 (578,13,4,'2024-04-20','14:00:00',800.0),
 (579,14,6,'2024-09-25','18:00:00',1800.0),
 (580,15,10,'2025-01-30','11:00:00',440.0),
 (581,16,3,'2024-03-01','13:00:00',1280.0),
 (582,17,7,'2024-05-20','09:00:00',950.0),
 (583,18,1,'2024-02-05','16:00:00',320.0),
 (584,19,5,'2024-12-20','10:00:00',2200.0),
 (585,20,8,'2025-04-10','15:00:00',720.0),
 (586,21,2,'2024-07-30','11:00:00',190.0),
 (587,22,9,'2025-07-01','19:00:00',1000.0),
 (588,23,4,'2024-05-01','12:00:00',750.0),
 (589,24,6,'2024-10-05','16:00:00',1700.0),
 (590,25,10,'2025-02-20','10:00:00',480.0),
 (591,26,3,'2024-04-05','14:00:00',1400.0),
 (592,27,7,'2024-06-01','11:00:00',1000.0),
 (593,28,1,'2024-03-01','17:00:00',380.0),
 (594,29,5,'2025-01-10','09:00:00',2300.0),
 (595,30,8,'2025-05-01','16:00:00',650.0),
 (596,31,2,'2024-08-10','13:00:00',220.0),
 (597,32,9,'2025-07-01','20:00:00',1150.0),
 (598,33,4,'2024-05-10','15:00:00',850.0),
 (599,34,6,'2024-11-15','18:00:00',1850.0),
 (600,35,10,'2025-03-01','12:00:00',480.0),
 (601,36,3,'2024-01-25','10:00:00',1150.0),
 (602,37,7,'2024-04-10','15:00:00',920.0),
 (603,38,1,'2024-02-20','18:00:00',360.0),
 (604,39,5,'2024-11-20','09:00:00',2000.0),
 (605,40,8,'2025-01-05','14:00:00',580.0),
 (606,41,2,'2024-06-20','10:00:00',170.0),
 (607,42,9,'2025-05-15','19:00:00',970.0),
 (608,43,4,'2024-03-15','11:00:00',700.0),
 (609,44,6,'2024-09-01','15:00:00',1600.0),
 (610,45,10,'2025-04-01','13:00:00',440.0),
 (611,46,3,'2024-02-05','11:00:00',1200.0),
 (612,47,7,'2024-03-25','16:00:00',880.0),
 (613,48,1,'2024-01-10','19:00:00',320.0),
 (614,49,5,'2024-10-25','08:00:00',2400.0),
 (615,50,8,'2025-02-20','17:00:00',540.0),
 (616,1,2,'2024-07-01','12:00:00',160.0),
 (617,2,9,'2025-06-10','21:00:00',1020.0),
 (618,3,4,'2024-04-05','13:00:00',780.0),
 (619,4,6,'2024-09-05','17:00:00',1750.0),
 (620,5,10,'2025-01-15','11:00:00',410.0),
 (621,6,3,'2024-03-05','14:00:00',1350.0),
 (622,7,7,'2024-05-10','10:00:00',910.0),
 (623,8,1,'2024-01-30','18:00:00',330.0),
 (624,9,5,'2024-12-10','09:00:00',2150.0),
 (625,10,8,'2025-03-10','15:00:00',630.0),
 (626,11,2,'2024-08-20','11:00:00',190.0),
 (627,12,9,'2025-07-05','20:00:00',1080.0),
 (628,13,4,'2024-05-25','14:00:00',820.0),
 (629,14,6,'2024-10-15','16:00:00',1820.0),
 (630,15,10,'2025-02-10','10:00:00',460.0),
 (631,16,3,'2024-04-15','13:00:00',1450.0),
 (632,17,7,'2024-06-25','11:00:00',1050.0),
 (633,18,1,'2024-03-10','17:00:00',390.0),
 (634,19,5,'2025-01-20','09:00:00',2350.0),
 (635,20,8,'2025-05-10','16:00:00',680.0),
 (636,21,2,'2024-08-25','13:00:00',230.0),
 (637,22,9,'2025-07-15','20:00:00',1200.0),
 (638,23,4,'2024-06-05','15:00:00',870.0),
 (639,24,6,'2024-11-25','18:00:00',1880.0),
 (640,25,10,'2025-03-10','12:00:00',490.0),
 (641,26,3,'2024-02-15','10:00:00',1180.0),
 (642,27,7,'2024-04-20','15:00:00',940.0),
 (643,28,1,'2024-01-15','19:00:00',350.0),
 (644,29,5,'2024-11-05','08:30:00',2050.0),
 (645,30,8,'2025-02-25','17:00:00',570.0),
 (646,31,2,'2024-07-20','12:00:00',175.0),
 (647,32,9,'2025-06-05','21:00:00',990.0),
 (648,33,4,'2024-04-25','14:00:00',730.0),
 (649,34,6,'2024-09-15','18:00:00',1810.0),
 (650,35,10,'2025-01-25','11:00:00',430.0),
 (651,36,3,'2024-03-25','13:00:00',1320.0),
 (652,37,7,'2024-05-05','09:00:00',930.0),
 (653,38,1,'2024-02-15','16:00:00',310.0),
 (654,39,5,'2024-12-05','10:00:00',2250.0),
 (655,40,8,'2025-04-05','15:00:00',710.0),
 (656,41,2,'2024-07-25','11:00:00',185.0),
 (657,42,9,'2025-06-15','19:00:00',1010.0),
 (658,43,4,'2024-04-10','12:00:00',760.0),
 (659,44,6,'2024-10-05','16:00:00',1720.0),
 (660,45,10,'2025-02-05','10:00:00',450.0),
 (661,46,3,'2024-04-10','14:00:00',1420.0),
 (662,47,7,'2024-06-10','11:00:00',1020.0),
 (663,48,1,'2024-03-05','17:00:00',370.0),
 (664,49,5,'2025-01-15','09:00:00',2320.0),
 (665,50,8,'2025-05-05','16:00:00',660.0),
 (666,1,2,'2024-08-15','13:00:00',225.0),
 (667,2,9,'2025-07-05','20:00:00',1180.0),
 (668,3,4,'2024-05-15','15:00:00',860.0),
 (669,4,6,'2024-11-20','18:00:00',1870.0),
 (670,5,10,'2025-03-05','12:00:00',470.0),
 (671,6,3,'2024-01-30','10:00:00',1170.0),
 (672,7,7,'2024-04-25','15:00:00',930.0),
 (673,8,1,'2024-02-25','18:00:00',355.0),
 (674,9,5,'2024-11-25','09:00:00',2020.0),
 (675,10,8,'2025-01-10','14:00:00',590.0),
 (676,11,2,'2024-06-25','10:00:00',180.0),
 (677,12,9,'2025-05-20','19:00:00',980.0),
 (678,13,4,'2024-03-20','11:00:00',710.0),
 (679,14,6,'2024-09-10','15:00:00',1650.0),
 (680,15,10,'2025-04-05','13:00:00',460.0),
 (681,16,3,'2024-02-10','11:00:00',1220.0),
 (682,17,7,'2024-03-30','16:00:00',890.0),
 (683,18,1,'2024-01-15','19:00:00',335.0),
 (684,19,5,'2024-10-30','08:00:00',2450.0),
 (685,20,8,'2025-02-25','17:00:00',550.0),
 (686,21,2,'2024-07-05','12:00:00',165.0),
 (687,22,9,'2025-06-15','21:00:00',1040.0),
 (688,23,4,'2024-04-10','13:00:00',790.0),
 (689,24,6,'2024-09-10','17:00:00',1780.0),
 (690,25,10,'2025-01-20','11:00:00',420.0),
 (691,26,3,'2024-03-10','14:00:00',1380.0),
 (692,27,7,'2024-05-15','10:00:00',900.0),
 (693,28,1,'2024-02-01','18:00:00',340.0),
 (694,29,5,'2024-12-15','09:00:00',2180.0),
 (695,30,8,'2025-03-15','15:00:00',640.0),
 (696,31,2,'2024-08-05','11:00:00',195.0),
 (697,32,9,'2025-07-10','20:00:00',1100.0),
 (698,33,4,'2024-05-30','14:00:00',830.0),
 (699,34,6,'2024-10-20','16:00:00',1840.0),
 (700,35,10,'2025-02-15','10:00:00',470.0),
 (701,36,3,'2024-04-20','13:00:00',1480.0),
 (702,37,7,'2024-06-30','11:00:00',1080.0),
 (703,38,1,'2024-03-15','17:00:00',400.0),
 (704,39,5,'2025-01-25','09:00:00',2380.0),
 (705,40,8,'2025-05-15','16:00:00',700.0),
 (706,41,2,'2024-08-30','13:00:00',240.0),
 (707,42,9,'2025-07-20','20:00:00',1250.0),
 (708,43,4,'2024-06-10','15:00:00',890.0),
 (709,44,6,'2024-12-01','18:00:00',1900.0),
 (710,45,10,'2025-03-15','12:00:00',500.0),
 (711,46,3,'2024-02-20','10:00:00',1200.0),
 (712,47,7,'2024-05-05','15:00:00',960.0),
 (713,48,1,'2024-01-20','19:00:00',360.0),
 (714,49,5,'2024-11-10','08:30:00',2100.0),
 (715,50,8,'2025-02-05','17:00:00',600.0),
 (716,1,2,'2024-07-10','12:00:00',180.0),
 (717,2,9,'2025-06-20','21:00:00',1050.0),
 (718,3,4,'2024-04-20','14:00:00',800.0),
 (719,4,6,'2024-09-25','18:00:00',1800.0),
 (720,5,10,'2025-01-30','11:00:00',440.0),
 (721,6,3,'2024-03-01','13:00:00',1280.0),
 (722,7,7,'2024-05-20','09:00:00',950.0),
 (723,8,1,'2024-02-05','16:00:00',320.0),
 (724,9,5,'2024-12-20','10:00:00',2200.0),
 (725,10,8,'2025-04-10','15:00:00',720.0),
 (726,11,2,'2024-07-30','11:00:00',190.0),
 (727,12,9,'2025-07-01','19:00:00',1000.0),
 (728,13,4,'2024-05-01','12:00:00',750.0),
 (729,14,6,'2024-10-05','16:00:00',1700.0),
 (730,15,10,'2025-02-20','10:00:00',480.0),
 (731,16,3,'2024-04-05','14:00:00',1400.0),
 (732,17,7,'2024-06-01','11:00:00',1000.0),
 (733,18,1,'2024-03-01','17:00:00',380.0),
 (734,19,5,'2025-01-10','09:00:00',2300.0),
 (735,20,8,'2025-05-01','16:00:00',650.0),
 (736,21,2,'2024-08-10','13:00:00',220.0),
 (737,22,9,'2025-07-01','20:00:00',1150.0),
 (738,23,4,'2024-05-10','15:00:00',850.0),
 (739,24,6,'2024-11-15','18:00:00',1850.0),
 (740,25,10,'2025-03-01','12:00:00',480.0),
 (741,26,3,'2024-01-25','10:00:00',1150.0),
 (742,27,7,'2024-04-10','15:00:00',920.0),
 (743,28,1,'2024-02-20','18:00:00',360.0),
 (744,29,5,'2024-11-20','09:00:00',2000.0),
 (745,30,8,'2025-01-05','14:00:00',580.0),
 (746,31,2,'2024-06-20','10:00:00',170.0),
 (747,32,9,'2025-05-15','19:00:00',970.0),
 (748,33,4,'2024-03-15','11:00:00',700.0),
 (749,34,6,'2024-09-01','15:00:00',1600.0),
 (750,35,10,'2025-04-01','13:00:00',440.0),
 (751,36,3,'2024-02-05','11:00:00',1200.0),
 (752,37,7,'2024-03-25','16:00:00',880.0),
 (753,38,1,'2024-01-10','19:00:00',320.0),
 (754,39,5,'2024-10-25','08:00:00',2400.0),
 (755,40,8,'2025-02-20','17:00:00',540.0),
 (756,41,2,'2024-07-01','12:00:00',160.0),
 (757,42,9,'2025-06-10','21:00:00',1020.0),
 (758,43,4,'2024-04-05','13:00:00',780.0),
 (759,44,6,'2024-09-05','17:00:00',1750.0),
 (760,45,10,'2025-01-15','11:00:00',410.0),
 (761,46,3,'2024-03-05','14:00:00',1350.0),
 (762,47,7,'2024-05-10','10:00:00',910.0),
 (763,48,1,'2024-01-30','18:00:00',330.0),
 (764,49,5,'2024-12-10','09:00:00',2150.0),
 (765,50,8,'2025-03-10','15:00:00',630.0),
 (766,1,2,'2024-08-20','11:00:00',190.0),
 (767,2,9,'2025-07-05','20:00:00',1080.0),
 (768,3,4,'2024-05-25','14:00:00',820.0),
 (769,4,6,'2024-10-15','16:00:00',1820.0),
 (770,5,10,'2025-02-10','10:00:00',460.0),
 (771,6,3,'2024-04-15','13:00:00',1450.0),
 (772,7,7,'2024-06-25','11:00:00',1050.0),
 (773,8,1,'2024-03-10','17:00:00',390.0),
 (774,9,5,'2025-01-20','09:00:00',2350.0),
 (775,10,8,'2025-05-10','16:00:00',680.0),
 (776,11,2,'2024-08-25','13:00:00',230.0),
 (777,12,9,'2025-07-15','20:00:00',1200.0),
 (778,13,4,'2024-06-05','15:00:00',870.0),
 (779,14,6,'2024-11-25','18:00:00',1880.0),
 (780,15,10,'2025-03-10','12:00:00',490.0),
 (781,16,3,'2024-02-15','10:00:00',1180.0),
 (782,17,7,'2024-04-20','15:00:00',940.0),
 (783,18,1,'2024-01-15','19:00:00',350.0),
 (784,19,5,'2024-11-05','08:30:00',2050.0),
 (785,20,8,'2025-02-25','17:00:00',570.0),
 (786,21,2,'2024-07-20','12:00:00',175.0),
 (787,22,9,'2025-06-05','21:00:00',990.0),
 (788,23,4,'2024-04-25','14:00:00',730.0),
 (789,24,6,'2024-09-15','18:00:00',1810.0),
 (790,25,10,'2025-01-25','11:00:00',430.0),
 (791,26,3,'2024-03-25','13:00:00',1320.0),
 (792,27,7,'2024-05-05','09:00:00',930.0),
 (793,28,1,'2024-02-15','16:00:00',310.0),
 (794,29,5,'2024-12-05','10:00:00',2250.0),
 (795,30,8,'2025-04-05','15:00:00',710.0),
 (796,31,2,'2024-07-25','11:00:00',185.0),
 (797,32,9,'2025-06-15','19:00:00',1010.0),
 (798,33,4,'2024-04-10','12:00:00',760.0),
 (799,34,6,'2024-10-05','16:00:00',1720.0),
 (800,35,10,'2025-02-05','10:00:00',450.0),
 (801,36,3,'2024-04-10','14:00:00',1420.0),
 (802,37,7,'2024-06-10','11:00:00',1020.0),
 (803,38,1,'2024-03-05','17:00:00',370.0),
 (804,39,5,'2025-01-15','09:00:00',2320.0),
 (805,40,8,'2025-05-05','16:00:00',660.0),
 (806,41,2,'2024-08-15','13:00:00',225.0),
 (807,42,9,'2025-07-05','20:00:00',1180.0),
 (808,43,4,'2024-05-15','15:00:00',860.0),
 (809,44,6,'2024-11-20','18:00:00',1870.0),
 (810,45,10,'2025-03-05','12:00:00',470.0),
 (811,46,3,'2024-01-30','10:00:00',1170.0),
 (812,47,7,'2024-04-25','15:00:00',930.0),
 (813,48,1,'2024-02-25','18:00:00',355.0),
 (814,49,5,'2024-11-25','09:00:00',2020.0),
 (815,50,8,'2025-01-10','14:00:00',590.0),
 (816,1,2,'2024-06-25','10:00:00',180.0),
 (817,2,9,'2025-05-20','19:00:00',980.0),
 (818,3,4,'2024-03-20','11:00:00',710.0),
 (819,4,6,'2024-09-10','15:00:00',1650.0),
 (820,5,10,'2025-04-05','13:00:00',460.0),
 (821,6,3,'2024-02-10','11:00:00',1220.0),
 (822,7,7,'2024-03-30','16:00:00',890.0),
 (823,8,1,'2024-01-15','19:00:00',335.0),
 (824,9,5,'2024-10-30','08:00:00',2450.0),
 (825,10,8,'2025-02-25','17:00:00',550.0),
 (826,11,2,'2024-07-05','12:00:00',165.0),
 (827,12,9,'2025-06-15','21:00:00',1040.0),
 (828,13,4,'2024-04-10','13:00:00',790.0),
 (829,14,6,'2024-09-10','17:00:00',1780.0),
 (830,15,10,'2025-01-20','11:00:00',420.0),
 (831,16,3,'2024-03-10','14:00:00',1380.0),
 (832,17,7,'2024-05-15','10:00:00',900.0),
 (833,18,1,'2024-02-01','18:00:00',340.0),
 (834,19,5,'2024-12-15','09:00:00',2180.0),
 (835,20,8,'2025-03-15','15:00:00',640.0),
 (836,21,2,'2024-08-05','11:00:00',195.0),
 (837,22,9,'2025-07-10','20:00:00',1100.0),
 (838,23,4,'2024-05-30','14:00:00',830.0),
 (839,24,6,'2024-10-20','16:00:00',1840.0),
 (840,25,10,'2025-02-15','10:00:00',470.0),
 (841,26,3,'2024-04-20','13:00:00',1480.0),
 (842,27,7,'2024-06-30','11:00:00',1080.0),
 (843,28,1,'2024-03-15','17:00:00',400.0),
 (844,29,5,'2025-01-25','09:00:00',2380.0),
 (845,30,8,'2025-05-15','16:00:00',700.0),
 (846,31,2,'2024-08-30','13:00:00',240.0),
 (847,32,9,'2025-07-20','20:00:00',1250.0),
 (848,33,4,'2024-06-10','15:00:00',890.0),
 (849,34,6,'2024-12-01','18:00:00',1900.0),
 (850,35,10,'2025-03-15','12:00:00',500.0),
 (851,36,3,'2024-02-20','10:00:00',1200.0),
 (852,37,7,'2024-05-05','15:00:00',960.0),
 (853,38,1,'2024-01-20','19:00:00',360.0),
 (854,39,5,'2024-11-10','08:30:00',2100.0),
 (855,40,8,'2025-02-05','17:00:00',600.0),
 (856,41,2,'2024-07-10','12:00:00',180.0),
 (857,42,9,'2025-06-20','21:00:00',1050.0),
 (858,43,4,'2024-04-20','14:00:00',800.0),
 (859,44,6,'2024-09-25','18:00:00',1800.0),
 (860,45,10,'2025-01-30','11:00:00',440.0),
 (861,46,3,'2024-03-01','13:00:00',1280.0),
 (862,47,7,'2024-05-20','09:00:00',950.0),
 (863,48,1,'2024-02-05','16:00:00',320.0),
 (864,49,5,'2024-12-20','10:00:00',2200.0),
 (865,50,8,'2025-04-10','15:00:00',720.0),
 (866,1,2,'2024-07-30','11:00:00',190.0),
 (867,2,9,'2025-07-01','19:00:00',1000.0),
 (868,3,4,'2024-05-01','12:00:00',750.0),
 (869,4,6,'2024-10-05','16:00:00',1700.0),
 (870,5,10,'2025-02-20','10:00:00',480.0),
 (871,6,3,'2024-04-05','14:00:00',1400.0),
 (872,7,7,'2024-06-01','11:00:00',1000.0),
 (873,8,1,'2024-03-01','17:00:00',380.0),
 (874,9,5,'2025-01-10','09:00:00',2300.0),
 (875,10,8,'2025-05-01','16:00:00',650.0),
 (876,11,2,'2024-08-10','13:00:00',220.0),
 (877,12,9,'2025-07-01','20:00:00',1150.0),
 (878,13,4,'2024-05-10','15:00:00',850.0),
 (879,14,6,'2024-11-15','18:00:00',1850.0),
 (880,15,10,'2025-03-01','12:00:00',480.0),
 (881,16,3,'2024-01-25','10:00:00',1150.0),
 (882,17,7,'2024-04-10','15:00:00',920.0),
 (883,18,1,'2024-02-20','18:00:00',360.0),
 (884,19,5,'2024-11-20','09:00:00',2000.0),
 (885,20,8,'2025-01-05','14:00:00',580.0),
 (886,21,2,'2024-06-20','10:00:00',170.0),
 (887,22,9,'2025-05-15','19:00:00',970.0),
 (888,23,4,'2024-03-15','11:00:00',700.0),
 (889,24,6,'2024-09-01','15:00:00',1600.0),
 (890,25,10,'2025-04-01','13:00:00',440.0),
 (891,26,3,'2024-02-05','11:00:00',1200.0),
 (892,27,7,'2024-03-25','16:00:00',880.0),
 (893,28,1,'2024-01-10','19:00:00',320.0),
 (894,29,5,'2024-10-25','08:00:00',2400.0),
 (895,30,8,'2025-02-20','17:00:00',540.0),
 (896,31,2,'2024-07-01','12:00:00',160.0),
 (897,32,9,'2025-06-10','21:00:00',1020.0),
 (898,33,4,'2024-04-05','13:00:00',780.0),
 (899,34,6,'2024-09-05','17:00:00',1750.0),
 (900,35,10,'2025-01-15','11:00:00',410.0),
 (901,36,3,'2024-03-05','14:00:00',1350.0),
 (902,37,7,'2024-05-10','10:00:00',910.0),
 (903,38,1,'2024-01-30','18:00:00',330.0),
 (904,39,5,'2024-12-10','09:00:00',2150.0),
 (905,40,8,'2025-03-10','15:00:00',630.0),
 (906,41,2,'2024-08-20','11:00:00',190.0),
 (907,42,9,'2025-07-05','20:00:00',1080.0),
 (908,43,4,'2024-05-25','14:00:00',820.0),
 (909,44,6,'2024-10-15','16:00:00',1820.0),
 (910,45,10,'2025-02-10','10:00:00',460.0),
 (911,46,3,'2024-04-15','13:00:00',1450.0),
 (912,47,7,'2024-06-25','11:00:00',1050.0),
 (913,48,1,'2024-03-10','17:00:00',390.0),
 (914,49,5,'2025-01-20','09:00:00',2350.0),
 (915,50,8,'2025-05-10','16:00:00',680.0),
 (916,1,2,'2024-08-25','13:00:00',230.0),
 (917,2,9,'2025-07-15','20:00:00',1200.0),
 (918,3,4,'2024-06-05','15:00:00',870.0),
 (919,4,6,'2024-11-25','18:00:00',1880.0),
 (920,5,10,'2025-03-10','12:00:00',490.0),
 (921,6,3,'2024-02-15','10:00:00',1180.0),
 (922,7,7,'2024-04-20','15:00:00',940.0),
 (923,8,1,'2024-01-15','19:00:00',350.0),
 (924,9,5,'2024-11-05','08:30:00',2050.0),
 (925,10,8,'2025-02-25','17:00:00',570.0),
 (926,11,2,'2024-07-20','12:00:00',175.0),
 (927,12,9,'2025-06-05','21:00:00',990.0),
 (928,13,4,'2024-04-25','14:00:00',730.0),
 (929,14,6,'2024-09-15','18:00:00',1810.0),
 (930,15,10,'2025-01-25','11:00:00',430.0),
 (931,16,3,'2024-03-25','13:00:00',1320.0),
 (932,17,7,'2024-05-05','09:00:00',930.0),
 (933,18,1,'2024-02-15','16:00:00',310.0),
 (934,19,5,'2024-12-05','10:00:00',2250.0),
 (935,20,8,'2025-04-05','15:00:00',710.0),
 (936,21,2,'2024-07-25','11:00:00',185.0),
 (937,22,9,'2025-06-15','19:00:00',1010.0),
 (938,23,4,'2024-04-10','12:00:00',760.0),
 (939,24,6,'2024-10-05','16:00:00',1720.0),
 (940,25,10,'2025-02-05','10:00:00',450.0),
 (941,26,3,'2024-04-10','14:00:00',1420.0),
 (942,27,7,'2024-06-10','11:00:00',1020.0),
 (943,28,1,'2024-03-05','17:00:00',370.0),
 (944,29,5,'2025-01-15','09:00:00',2320.0),
 (945,30,8,'2025-05-05','16:00:00',660.0),
 (946,31,2,'2024-08-15','13:00:00',225.0),
 (947,32,9,'2025-07-05','20:00:00',1180.0),
 (948,33,4,'2024-05-15','15:00:00',860.0),
 (949,34,6,'2024-11-20','18:00:00',1870.0),
 (950,35,10,'2025-03-05','12:00:00',470.0),
 (951,36,3,'2024-01-30','10:00:00',1170.0),
 (952,37,7,'2024-04-25','15:00:00',930.0),
 (953,38,1,'2024-02-25','18:00:00',355.0),
 (954,39,5,'2024-11-25','09:00:00',2020.0),
 (955,40,8,'2025-01-10','14:00:00',590.0),
 (956,41,2,'2024-06-25','10:00:00',180.0),
 (957,42,9,'2025-05-20','19:00:00',980.0),
 (958,43,4,'2024-03-20','11:00:00',710.0),
 (959,44,6,'2024-09-10','15:00:00',1650.0),
 (960,45,10,'2025-04-05','13:00:00',460.0),
 (961,46,3,'2024-02-10','11:00:00',1220.0),
 (962,47,7,'2024-03-30','16:00:00',890.0),
 (963,48,1,'2024-01-15','19:00:00',335.0),
 (964,49,5,'2024-10-30','08:00:00',2450.0),
 (965,50,8,'2025-02-25','17:00:00',550.0),
 (966,1,2,'2024-07-05','12:00:00',165.0),
 (967,2,9,'2025-06-15','21:00:00',1040.0),
 (968,3,4,'2024-04-10','13:00:00',790.0),
 (969,4,6,'2024-09-10','17:00:00',1780.0),
 (970,5,10,'2025-01-20','11:00:00',420.0),
 (971,6,3,'2024-03-10','14:00:00',1380.0),
 (972,7,7,'2024-05-15','10:00:00',900.0),
 (973,8,1,'2024-02-01','18:00:00',340.0),
 (974,9,5,'2024-12-15','09:00:00',2180.0),
 (975,10,8,'2025-03-15','15:00:00',640.0),
 (976,11,2,'2024-08-05','11:00:00',195.0),
 (977,12,9,'2025-07-10','20:00:00',1100.0),
 (978,13,4,'2024-05-30','14:00:00',830.0),
 (979,14,6,'2024-10-20','16:00:00',1840.0),
 (980,15,10,'2025-02-15','10:00:00',470.0),
 (981,16,3,'2024-04-20','13:00:00',1480.0),
 (982,17,7,'2024-06-30','11:00:00',1080.0),
 (983,18,1,'2024-03-15','17:00:00',400.0),
 (984,19,5,'2025-01-25','09:00:00',2380.0),
 (985,20,8,'2025-05-15','16:00:00',700.0),
 (986,21,2,'2024-08-30','13:00:00',240.0),
 (987,22,9,'2025-07-20','20:00:00',1250.0),
 (988,23,4,'2024-06-10','15:00:00',890.0),
 (989,24,6,'2024-12-01','18:00:00',1900.0),
 (990,25,10,'2025-03-15','12:00:00',500.0),
 (991,26,3,'2024-02-20','10:00:00',1200.0),
 (992,27,7,'2024-05-05','15:00:00',960.0),
 (993,28,1,'2024-01-20','19:00:00',360.0),
 (994,29,5,'2024-11-10','08:30:00',2100.0),
 (995,30,8,'2025-02-05','17:00:00',600.0),
 (996,31,2,'2024-07-10','12:00:00',180.0),
 (997,32,9,'2025-06-20','21:00:00',1050.0),
 (998,33,4,'2024-04-20','14:00:00',800.0),
 (999,34,6,'2024-09-25','18:00:00',1800.0),
 (1000,35,10,'2025-01-30','11:00:00',440.0),
 (1001,36,3,'2024-03-01','13:00:00',1280.0),
 (1002,37,7,'2024-05-20','09:00:00',950.0),
 (1003,38,1,'2024-02-05','16:00:00',320.0),
 (1004,39,5,'2024-12-20','10:00:00',2200.0),
 (1005,40,8,'2025-04-10','15:00:00',720.0),
 (1006,41,2,'2024-07-30','11:00:00',190.0),
 (1007,42,9,'2025-07-01','19:00:00',1000.0),
 (1008,43,4,'2024-05-01','12:00:00',750.0),
 (1009,44,6,'2024-10-05','16:00:00',1700.0),
 (1010,45,10,'2025-02-20','10:00:00',480.0),
 (1011,46,3,'2024-04-05','14:00:00',1400.0),
 (1012,47,7,'2024-06-01','11:00:00',1000.0),
 (1013,48,1,'2024-03-01','17:00:00',380.0),
 (1014,49,5,'2025-01-10','09:00:00',2300.0),
 (1015,50,8,'2025-05-01','16:00:00',650.0),
 (1016,1,2,'2024-08-10','13:00:00',220.0),
 (1017,2,9,'2025-07-01','20:00:00',1150.0),
 (1018,3,4,'2024-05-10','15:00:00',850.0),
 (1019,4,6,'2024-11-15','18:00:00',1850.0),
 (1020,5,10,'2025-03-01','12:00:00',480.0),
 (1021,6,3,'2024-01-25','10:00:00',1150.0),
 (1022,7,7,'2024-04-10','15:00:00',920.0),
 (1023,8,1,'2024-02-20','18:00:00',360.0),
 (1024,9,5,'2024-11-20','09:00:00',2000.0),
 (1025,10,8,'2025-01-05','14:00:00',580.0),
 (1026,11,2,'2024-06-20','10:00:00',170.0),
 (1027,12,9,'2025-05-15','19:00:00',970.0),
 (1028,13,4,'2024-03-15','11:00:00',700.0),
 (1029,14,6,'2024-09-01','15:00:00',1600.0),
 (1030,15,10,'2025-04-01','13:00:00',440.0),
 (1031,16,3,'2024-02-05','11:00:00',1200.0),
 (1032,17,7,'2024-03-25','16:00:00',880.0),
 (1033,18,1,'2024-01-10','19:00:00',320.0),
 (1034,19,5,'2024-10-25','08:00:00',2400.0),
 (1035,20,8,'2025-02-20','17:00:00',540.0),
 (1036,21,2,'2024-07-01','12:00:00',160.0),
 (1037,22,9,'2025-06-10','21:00:00',1020.0),
 (1038,23,4,'2024-04-05','13:00:00',780.0),
 (1039,24,6,'2024-09-05','17:00:00',1750.0),
 (1040,25,10,'2025-01-15','11:00:00',410.0),
 (1041,26,3,'2024-03-05','14:00:00',1350.0),
 (1042,27,7,'2024-05-10','10:00:00',910.0),
 (1043,28,1,'2024-01-30','18:00:00',330.0),
 (1044,29,5,'2024-12-10','09:00:00',2150.0),
 (1045,30,8,'2025-03-10','15:00:00',630.0),
 (1046,31,2,'2024-08-20','11:00:00',190.0),
 (1047,32,9,'2025-07-05','20:00:00',1080.0),
 (1048,33,4,'2024-05-25','14:00:00',820.0),
 (1049,34,6,'2024-10-15','16:00:00',1820.0),
 (1050,35,10,'2025-02-10','10:00:00',460.0),
 (1051,36,3,'2024-04-15','13:00:00',1450.0),
 (1052,37,7,'2024-06-25','11:00:00',1050.0),
 (1053,38,1,'2024-03-10','17:00:00',390.0),
 (1054,39,5,'2025-01-20','09:00:00',2350.0),
 (1055,40,8,'2025-05-10','16:00:00',680.0),
 (1056,41,2,'2024-08-25','13:00:00',230.0),
 (1057,42,9,'2025-07-15','20:00:00',1200.0),
 (1058,43,4,'2024-06-05','15:00:00',870.0),
 (1059,44,6,'2024-11-25','18:00:00',1880.0),
 (1060,45,10,'2025-03-10','12:00:00',490.0),
 (1061,46,3,'2024-02-15','10:00:00',1180.0),
 (1062,47,7,'2024-04-20','15:00:00',940.0),
 (1063,48,1,'2024-01-15','19:00:00',350.0),
 (1064,49,5,'2024-11-05','08:30:00',2050.0),
 (1065,50,8,'2025-02-25','17:00:00',570.0),
 (1066,1,2,'2024-07-20','12:00:00',175.0),
 (1067,2,9,'2025-06-05','21:00:00',990.0),
 (1068,3,4,'2024-04-25','14:00:00',730.0),
 (1069,4,6,'2024-09-15','18:00:00',1810.0),
 (1070,5,10,'2025-01-25','11:00:00',430.0),
 (1071,6,3,'2024-03-25','13:00:00',1320.0),
 (1072,7,7,'2024-05-05','09:00:00',930.0),
 (1073,8,1,'2024-02-15','16:00:00',310.0),
 (1074,9,5,'2024-12-05','10:00:00',2250.0),
 (1075,10,8,'2025-04-05','15:00:00',710.0),
 (1076,11,2,'2024-07-25','11:00:00',185.0),
 (1077,12,9,'2025-06-15','19:00:00',1010.0),
 (1078,13,4,'2024-04-10','12:00:00',760.0),
 (1079,14,6,'2024-10-05','16:00:00',1720.0),
 (1080,15,10,'2025-02-05','10:00:00',450.0),
 (1081,16,3,'2024-04-10','14:00:00',1420.0),
 (1082,17,7,'2024-06-10','11:00:00',1020.0),
 (1083,18,1,'2024-03-05','17:00:00',370.0),
 (1084,19,5,'2025-01-15','09:00:00',2320.0),
 (1085,20,8,'2025-05-05','16:00:00',660.0),
 (1086,21,2,'2024-08-15','13:00:00',225.0),
 (1087,22,9,'2025-07-05','20:00:00',1180.0),
 (1088,23,4,'2024-05-15','15:00:00',860.0),
 (1089,24,6,'2024-11-20','18:00:00',1870.0),
 (1090,25,10,'2025-03-05','12:00:00',470.0),
 (1091,26,3,'2024-01-30','10:00:00',1170.0),
 (1092,27,7,'2024-04-25','15:00:00',930.0),
 (1093,28,1,'2024-02-25','18:00:00',355.0),
 (1094,29,5,'2024-11-25','09:00:00',2020.0),
 (1095,30,8,'2025-01-10','14:00:00',590.0),
 (1096,31,2,'2024-06-25','10:00:00',180.0),
 (1097,32,9,'2025-05-20','19:00:00',980.0),
 (1098,33,4,'2024-03-20','11:00:00',710.0),
 (1099,34,6,'2024-09-10','15:00:00',1650.0),
 (1100,35,10,'2025-04-05','13:00:00',460.0),
 (1101,36,3,'2024-02-10','11:00:00',1220.0),
 (1102,37,7,'2024-03-30','16:00:00',890.0),
 (1103,38,1,'2024-01-15','19:00:00',335.0),
 (1104,39,5,'2024-10-30','08:00:00',2450.0),
 (1105,40,8,'2025-02-25','17:00:00',550.0),
 (1106,41,2,'2024-07-05','12:00:00',165.0),
 (1107,42,9,'2025-06-15','21:00:00',1040.0),
 (1108,43,4,'2024-04-10','13:00:00',790.0),
 (1109,44,6,'2024-09-10','17:00:00',1780.0),
 (1110,45,10,'2025-01-20','11:00:00',420.0),
 (1111,46,3,'2024-03-10','14:00:00',1380.0),
 (1112,47,7,'2024-05-15','10:00:00',900.0),
 (1113,48,1,'2024-02-01','18:00:00',340.0),
 (1114,49,5,'2024-12-15','09:00:00',2180.0),
 (1115,50,8,'2025-03-15','15:00:00',640.0),
 (1116,1,2,'2024-08-05','11:00:00',195.0),
 (1117,2,9,'2025-07-10','20:00:00',1100.0),
 (1118,3,4,'2024-05-30','14:00:00',830.0),
 (1119,4,6,'2024-10-20','16:00:00',1840.0),
 (1120,5,10,'2025-02-15','10:00:00',470.0),
 (1121,6,3,'2024-04-20','13:00:00',1480.0),
 (1122,7,7,'2024-06-30','11:00:00',1080.0),
 (1123,8,1,'2024-03-15','17:00:00',400.0),
 (1124,9,5,'2025-01-25','09:00:00',2380.0),
 (1125,10,8,'2025-05-15','16:00:00',700.0),
 (1126,11,2,'2024-08-30','13:00:00',240.0),
 (1127,12,9,'2025-07-20','20:00:00',1250.0),
 (1128,13,4,'2024-06-10','15:00:00',890.0),
 (1129,14,6,'2024-12-01','18:00:00',1900.0),
 (1130,15,10,'2025-03-15','12:00:00',500.0),
 (1131,16,3,'2024-02-20','10:00:00',1200.0),
 (1132,17,7,'2024-05-05','15:00:00',960.0),
 (1133,18,1,'2024-01-20','19:00:00',360.0),
 (1134,19,5,'2024-11-10','08:30:00',2100.0),
 (1135,20,8,'2025-02-05','17:00:00',600.0),
 (1136,21,2,'2024-07-10','12:00:00',180.0),
 (1137,22,9,'2025-06-20','21:00:00',1050.0),
 (1138,23,4,'2024-04-20','14:00:00',800.0),
 (1139,24,6,'2024-09-25','18:00:00',1800.0),
 (1140,25,10,'2025-01-30','11:00:00',440.0),
 (1141,26,3,'2024-03-01','13:00:00',1280.0),
 (1142,27,7,'2024-05-20','09:00:00',950.0),
 (1143,28,1,'2024-02-05','16:00:00',320.0),
 (1144,29,5,'2024-12-20','10:00:00',2200.0),
 (1145,30,8,'2025-04-10','15:00:00',720.0),
 (1146,31,2,'2024-07-30','11:00:00',190.0),
 (1147,32,9,'2025-07-01','19:00:00',1000.0),
 (1148,33,4,'2024-05-01','12:00:00',750.0),
 (1149,34,6,'2024-10-05','16:00:00',1700.0),
 (1150,35,10,'2025-02-20','10:00:00',480.0),
 (1151,36,3,'2024-04-05','14:00:00',1400.0),
 (1152,37,7,'2024-06-01','11:00:00',1000.0),
 (1153,38,1,'2024-03-01','17:00:00',380.0),
 (1154,39,5,'2025-01-10','09:00:00',2300.0),
 (1155,40,8,'2025-05-01','16:00:00',650.0),
 (1156,41,2,'2024-08-10','13:00:00',220.0),
 (1157,42,9,'2025-07-01','20:00:00',1150.0),
 (1158,43,4,'2024-05-10','15:00:00',850.0),
 (1159,44,6,'2024-11-15','18:00:00',1850.0),
 (1160,45,10,'2025-03-01','12:00:00',480.0),
 (1161,46,3,'2024-01-25','10:00:00',1150.0),
 (1162,47,7,'2024-04-10','15:00:00',920.0),
 (1163,48,1,'2024-02-20','18:00:00',360.0),
 (1164,49,5,'2024-11-20','09:00:00',2000.0),
 (1165,50,8,'2025-01-05','14:00:00',580.0),
 (1166,1,2,'2024-06-20','10:00:00',170.0),
 (1167,2,9,'2025-05-15','19:00:00',970.0),
 (1168,3,4,'2024-03-15','11:00:00',700.0),
 (1169,4,6,'2024-09-01','15:00:00',1600.0),
 (1170,5,10,'2025-04-01','13:00:00',440.0),
 (1171,6,3,'2024-02-05','11:00:00',1200.0),
 (1172,7,7,'2024-03-25','16:00:00',880.0),
 (1173,8,1,'2024-01-10','19:00:00',320.0),
 (1174,9,5,'2024-10-25','08:00:00',2400.0),
 (1175,10,8,'2025-02-20','17:00:00',540.0),
 (1176,11,2,'2024-07-01','12:00:00',160.0),
 (1177,12,9,'2025-06-10','21:00:00',1020.0),
 (1178,13,4,'2024-04-05','13:00:00',780.0),
 (1179,14,6,'2024-09-05','17:00:00',1750.0),
 (1180,15,10,'2025-01-15','11:00:00',410.0),
 (1181,16,3,'2024-03-05','14:00:00',1350.0),
 (1182,17,7,'2024-05-10','10:00:00',910.0),
 (1183,18,1,'2024-01-30','18:00:00',330.0),
 (1184,19,5,'2024-12-10','09:00:00',2150.0),
 (1185,20,8,'2025-03-10','15:00:00',630.0),
 (1186,21,2,'2024-08-20','11:00:00',190.0),
 (1187,22,9,'2025-07-05','20:00:00',1080.0),
 (1188,23,4,'2024-05-25','14:00:00',820.0),
 (1189,24,6,'2024-10-15','16:00:00',1820.0),
 (1190,25,10,'2025-02-10','10:00:00',460.0),
 (1191,26,3,'2024-04-15','13:00:00',1450.0),
 (1192,27,7,'2024-06-25','11:00:00',1050.0),
 (1193,28,1,'2024-03-10','17:00:00',390.0),
 (1194,29,5,'2025-01-20','09:00:00',2350.0),
 (1195,30,8,'2025-05-10','16:00:00',680.0),
 (1196,31,2,'2024-08-25','13:00:00',230.0),
 (1197,32,9,'2025-07-15','20:00:00',1200.0),
 (1198,33,4,'2024-06-05','15:00:00',870.0),
 (1199,34,6,'2024-11-25','18:00:00',1880.0),
 (1200,35,10,'2025-03-10','12:00:00',490.0),
 (1201,36,3,'2024-02-15','10:00:00',1180.0),
 (1202,37,7,'2024-04-20','15:00:00',940.0),
 (1203,38,1,'2024-01-15','19:00:00',350.0),
 (1204,39,5,'2024-11-05','08:30:00',2050.0),
 (1205,40,8,'2025-02-25','17:00:00',570.0),
 (1206,41,2,'2024-07-20','12:00:00',175.0),
 (1207,42,9,'2025-06-05','21:00:00',990.0),
 (1208,43,4,'2024-04-25','14:00:00',730.0),
 (1209,44,6,'2024-09-15','18:00:00',1810.0),
 (1210,45,10,'2025-01-25','11:00:00',430.0),
 (1211,46,3,'2024-03-25','13:00:00',1320.0),
 (1212,47,7,'2024-05-05','09:00:00',930.0),
 (1213,48,1,'2024-02-15','16:00:00',310.0),
 (1214,49,5,'2024-12-05','10:00:00',2250.0),
 (1215,50,8,'2025-04-05','15:00:00',710.0),
 (1216,1,2,'2024-07-25','11:00:00',185.0),
 (1217,2,9,'2025-06-15','19:00:00',1010.0),
 (1218,3,4,'2024-04-10','12:00:00',760.0),
 (1219,4,6,'2024-10-05','16:00:00',1720.0),
 (1220,5,10,'2025-02-05','10:00:00',450.0),
 (1221,6,3,'2024-04-10','14:00:00',1420.0),
 (1222,7,7,'2024-06-10','11:00:00',1020.0),
 (1223,8,1,'2024-03-05','17:00:00',370.0),
 (1224,9,5,'2025-01-15','09:00:00',2320.0),
 (1225,10,8,'2025-05-05','16:00:00',660.0),
 (1226,11,2,'2024-08-15','13:00:00',225.0),
 (1227,12,9,'2025-07-05','20:00:00',1180.0),
 (1228,13,4,'2024-05-15','15:00:00',860.0),
 (1229,14,6,'2024-11-20','18:00:00',1870.0),
 (1230,15,10,'2025-03-05','12:00:00',470.0),
 (1231,16,3,'2024-01-30','10:00:00',1170.0),
 (1232,17,7,'2024-04-25','15:00:00',930.0),
 (1233,18,1,'2024-02-25','18:00:00',355.0),
 (1234,19,5,'2024-11-25','09:00:00',2020.0),
 (1235,20,8,'2025-01-10','14:00:00',590.0),
 (1236,21,2,'2024-06-25','10:00:00',180.0),
 (1237,22,9,'2025-05-20','19:00:00',980.0),
 (1238,23,4,'2024-03-20','11:00:00',710.0),
 (1239,24,6,'2024-09-10','15:00:00',1650.0),
 (1240,25,10,'2025-04-05','13:00:00',460.0),
 (1241,26,3,'2024-02-10','11:00:00',1220.0),
 (1242,27,7,'2024-03-30','16:00:00',890.0),
 (1243,28,1,'2024-01-15','19:00:00',335.0),
 (1244,29,5,'2024-10-30','08:00:00',2450.0),
 (1245,30,8,'2025-02-25','17:00:00',550.0),
 (1246,31,2,'2024-07-05','12:00:00',165.0),
 (1247,32,9,'2025-06-15','21:00:00',1040.0),
 (1248,33,4,'2024-04-10','13:00:00',790.0),
 (1249,34,6,'2024-09-10','17:00:00',1780.0),
 (1250,35,10,'2025-01-20','11:00:00',420.0),
 (1251,36,3,'2024-03-10','14:00:00',1380.0),
 (1252,37,7,'2024-05-15','10:00:00',900.0),
 (1253,38,1,'2024-02-01','18:00:00',340.0),
 (1254,39,5,'2024-12-15','09:00:00',2180.0),
 (1255,40,8,'2025-03-15','15:00:00',640.0),
 (1256,41,2,'2024-08-05','11:00:00',195.0),
 (1257,42,9,'2025-07-10','20:00:00',1100.0),
 (1258,43,4,'2024-05-30','14:00:00',830.0),
 (1259,44,6,'2024-10-20','16:00:00',1840.0),
 (1260,45,10,'2025-02-15','10:00:00',470.0),
 (1261,46,3,'2024-04-20','13:00:00',1480.0),
 (1262,47,7,'2024-06-30','11:00:00',1080.0),
 (1263,48,1,'2024-03-15','17:00:00',400.0),
 (1264,49,5,'2025-01-25','09:00:00',2380.0),
 (1265,50,8,'2025-05-15','16:00:00',700.0),
 (1266,1,2,'2024-08-30','13:00:00',240.0),
 (1267,2,9,'2025-07-20','20:00:00',1250.0),
 (1268,3,4,'2024-06-10','15:00:00',890.0),
 (1269,4,6,'2024-12-01','18:00:00',1900.0),
 (1270,5,10,'2025-03-15','12:00:00',500.0),
 (1271,6,3,'2024-02-20','10:00:00',1200.0),
 (1272,7,7,'2024-05-05','15:00:00',960.0),
 (1273,8,1,'2024-01-20','19:00:00',360.0),
 (1274,9,5,'2024-11-10','08:30:00',2100.0),
 (1275,10,8,'2025-02-05','17:00:00',600.0),
 (1276,11,2,'2024-07-10','12:00:00',180.0),
 (1277,12,9,'2025-06-20','21:00:00',1050.0),
 (1278,13,4,'2024-04-20','14:00:00',800.0),
 (1279,14,6,'2024-09-25','18:00:00',1800.0),
 (1280,15,10,'2025-01-30','11:00:00',440.0),
 (1281,16,3,'2024-03-01','13:00:00',1280.0),
 (1282,17,7,'2024-05-20','09:00:00',950.0),
 (1283,18,1,'2024-02-05','16:00:00',320.0),
 (1284,19,5,'2024-12-20','10:00:00',2200.0),
 (1285,20,8,'2025-04-10','15:00:00',720.0),
 (1286,21,2,'2024-07-30','11:00:00',190.0),
 (1287,22,9,'2025-07-01','19:00:00',1000.0),
 (1288,23,4,'2024-05-01','12:00:00',750.0),
 (1289,24,6,'2024-10-05','16:00:00',1700.0),
 (1290,25,10,'2025-02-20','10:00:00',480.0),
 (1291,26,3,'2024-04-05','14:00:00',1400.0),
 (1292,27,7,'2024-06-01','11:00:00',1000.0),
 (1293,28,1,'2024-03-01','17:00:00',380.0),
 (1294,29,5,'2025-01-10','09:00:00',2300.0),
 (1295,30,8,'2025-05-01','16:00:00',650.0),
 (1296,31,2,'2024-08-10','13:00:00',220.0),
 (1297,32,9,'2025-07-01','20:00:00',1150.0),
 (1298,33,4,'2024-05-10','15:00:00',850.0),
 (1299,34,6,'2024-11-15','18:00:00',1850.0),
 (1300,35,10,'2025-03-01','12:00:00',480.0),
 (1301,36,3,'2024-01-25','10:00:00',1150.0),
 (1302,37,7,'2024-04-10','15:00:00',920.0),
 (1303,38,1,'2024-02-20','18:00:00',360.0),
 (1304,39,5,'2024-11-20','09:00:00',2000.0),
 (1305,40,8,'2025-01-05','14:00:00',580.0),
 (1306,41,2,'2024-06-20','10:00:00',170.0),
 (1307,42,9,'2025-05-15','19:00:00',970.0),
 (1308,43,4,'2024-03-15','11:00:00',700.0),
 (1309,44,6,'2024-09-01','15:00:00',1600.0),
 (1310,45,10,'2025-04-01','13:00:00',440.0),
 (1311,46,3,'2024-02-05','11:00:00',1200.0),
 (1312,47,7,'2024-03-25','16:00:00',880.0),
 (1313,48,1,'2024-01-10','19:00:00',320.0),
 (1314,49,5,'2024-10-25','08:00:00',2400.0),
 (1315,50,8,'2025-02-20','17:00:00',540.0),
 (1316,1,2,'2024-07-01','12:00:00',160.0),
 (1317,2,9,'2025-06-10','21:00:00',1020.0),
 (1318,3,4,'2024-04-05','13:00:00',780.0),
 (1319,4,6,'2024-09-05','17:00:00',1750.0),
 (1320,5,10,'2025-01-15','11:00:00',410.0),
 (1321,6,3,'2024-03-05','14:00:00',1350.0),
 (1322,7,7,'2024-05-10','10:00:00',910.0),
 (1323,8,1,'2024-01-30','18:00:00',330.0),
 (1324,9,5,'2024-12-10','09:00:00',2150.0),
 (1325,10,8,'2025-03-10','15:00:00',630.0),
 (1326,11,2,'2024-08-20','11:00:00',190.0),
 (1327,12,9,'2025-07-05','20:00:00',1080.0),
 (1328,13,4,'2024-05-25','14:00:00',820.0),
 (1329,14,6,'2024-10-15','16:00:00',1820.0),
 (1330,15,10,'2025-02-10','10:00:00',460.0),
 (1331,16,3,'2024-04-15','13:00:00',1450.0),
 (1332,17,7,'2024-06-25','11:00:00',1050.0),
 (1333,18,1,'2024-03-10','17:00:00',390.0),
 (1334,19,5,'2025-01-20','09:00:00',2350.0),
 (1335,20,8,'2025-05-10','16:00:00',680.0),
 (1336,21,2,'2024-08-25','13:00:00',230.0),
 (1337,22,9,'2025-07-15','20:00:00',1200.0),
 (1338,23,4,'2024-06-05','15:00:00',870.0),
 (1339,24,6,'2024-11-25','18:00:00',1880.0),
 (1340,25,10,'2025-03-10','12:00:00',490.0),
 (1341,26,3,'2024-02-15','10:00:00',1180.0),
 (1342,27,7,'2024-04-20','15:00:00',940.0),
 (1343,28,1,'2024-01-15','19:00:00',350.0),
 (1344,29,5,'2024-11-05','08:30:00',2050.0),
 (1345,30,8,'2025-02-25','17:00:00',570.0),
 (1346,31,2,'2024-07-20','12:00:00',175.0),
 (1347,32,9,'2025-06-05','21:00:00',990.0),
 (1348,33,4,'2024-04-25','14:00:00',730.0),
 (1349,34,6,'2024-09-15','18:00:00',1810.0),
 (1350,35,10,'2025-01-25','11:00:00',430.0),
 (1351,36,3,'2024-03-25','13:00:00',1320.0),
 (1352,37,7,'2024-05-05','09:00:00',930.0),
 (1353,38,1,'2024-02-15','16:00:00',310.0),
 (1354,39,5,'2024-12-05','10:00:00',2250.0),
 (1355,40,8,'2025-04-05','15:00:00',710.0),
 (1356,41,2,'2024-07-25','11:00:00',185.0),
 (1357,42,9,'2025-06-15','19:00:00',1010.0),
 (1358,43,4,'2024-04-10','12:00:00',760.0),
 (1359,44,6,'2024-10-05','16:00:00',1720.0),
 (1360,45,10,'2025-02-05','10:00:00',450.0),
 (1361,46,3,'2024-04-10','14:00:00',1420.0),
 (1362,47,7,'2024-06-10','11:00:00',1020.0),
 (1363,48,1,'2024-03-05','17:00:00',370.0),
 (1364,49,5,'2025-01-15','09:00:00',2320.0),
 (1365,50,8,'2025-05-05','16:00:00',660.0),
 (1366,1,2,'2024-08-15','13:00:00',225.0),
 (1367,2,9,'2025-07-05','20:00:00',1180.0),
 (1368,3,4,'2024-05-15','15:00:00',860.0),
 (1369,4,6,'2024-11-20','18:00:00',1870.0),
 (1370,5,10,'2025-03-05','12:00:00',470.0),
 (1371,6,3,'2024-01-30','10:00:00',1170.0),
 (1372,7,7,'2024-04-25','15:00:00',930.0),
 (1373,8,1,'2024-02-25','18:00:00',355.0),
 (1374,9,5,'2024-11-25','09:00:00',2020.0),
 (1375,10,8,'2025-01-10','14:00:00',590.0),
 (1376,11,2,'2024-06-25','10:00:00',180.0),
 (1377,12,9,'2025-05-20','19:00:00',980.0),
 (1378,13,4,'2024-03-20','11:00:00',710.0),
 (1379,14,6,'2024-09-10','15:00:00',1650.0),
 (1380,15,10,'2025-04-05','13:00:00',460.0),
 (1381,16,3,'2024-02-10','11:00:00',1220.0),
 (1382,17,7,'2024-03-30','16:00:00',890.0),
 (1383,18,1,'2024-01-15','19:00:00',335.0),
 (1384,19,5,'2024-10-30','08:00:00',2450.0),
 (1385,20,8,'2025-02-25','17:00:00',550.0),
 (1386,21,2,'2024-07-05','12:00:00',165.0),
 (1387,22,9,'2025-06-15','21:00:00',1040.0),
 (1388,23,4,'2024-04-10','13:00:00',790.0),
 (1389,24,6,'2024-09-10','17:00:00',1780.0),
 (1390,25,10,'2025-01-20','11:00:00',420.0),
 (1391,26,3,'2024-03-10','14:00:00',1380.0),
 (1392,27,7,'2024-05-15','10:00:00',900.0),
 (1393,28,1,'2024-02-01','18:00:00',340.0),
 (1394,29,5,'2024-12-15','09:00:00',2180.0),
 (1395,30,8,'2025-03-15','15:00:00',640.0),
 (1396,31,2,'2024-08-05','11:00:00',195.0),
 (1397,32,9,'2025-07-10','20:00:00',1100.0),
 (1398,33,4,'2024-05-30','14:00:00',830.0),
 (1399,34,6,'2024-10-20','16:00:00',1840.0),
 (1400,35,10,'2025-02-15','10:00:00',470.0),
 (1401,36,3,'2024-04-20','13:00:00',1480.0),
 (1402,37,7,'2024-06-30','11:00:00',1080.0),
 (1403,38,1,'2024-03-15','17:00:00',400.0),
 (1404,39,5,'2025-01-25','09:00:00',2380.0),
 (1405,40,8,'2025-05-15','16:00:00',700.0),
 (1406,41,2,'2024-08-30','13:00:00',240.0),
 (1407,42,9,'2025-07-20','20:00:00',1250.0),
 (1408,43,4,'2024-06-10','15:00:00',890.0),
 (1409,44,6,'2024-12-01','18:00:00',1900.0),
 (1410,45,10,'2025-03-15','12:00:00',500.0),
 (1411,46,3,'2024-02-20','10:00:00',1200.0),
 (1412,47,7,'2024-05-05','15:00:00',960.0),
 (1413,48,1,'2024-01-20','19:00:00',360.0),
 (1414,49,5,'2024-11-10','08:30:00',2100.0),
 (1415,50,8,'2025-02-05','17:00:00',600.0),
 (1416,1,2,'2024-07-10','12:00:00',180.0),
 (1417,2,9,'2025-06-20','21:00:00',1050.0),
 (1418,3,4,'2024-04-20','14:00:00',800.0),
 (1419,4,6,'2024-09-25','18:00:00',1800.0),
 (1420,5,10,'2025-01-30','11:00:00',440.0),
 (1421,6,3,'2024-03-01','13:00:00',1280.0),
 (1422,7,7,'2024-05-20','09:00:00',950.0),
 (1423,8,1,'2024-02-05','16:00:00',320.0),
 (1424,9,5,'2024-12-20','10:00:00',2200.0),
 (1425,10,8,'2025-04-10','15:00:00',720.0),
 (1426,11,2,'2024-07-30','11:00:00',190.0),
 (1427,12,9,'2025-07-01','19:00:00',1000.0),
 (1428,13,4,'2024-05-01','12:00:00',750.0),
 (1429,14,6,'2024-10-05','16:00:00',1700.0),
 (1430,15,10,'2025-02-20','10:00:00',480.0),
 (1431,16,3,'2024-04-05','14:00:00',1400.0),
 (1432,17,7,'2024-06-01','11:00:00',1000.0),
 (1433,18,1,'2024-03-01','17:00:00',380.0),
 (1434,19,5,'2025-01-10','09:00:00',2300.0),
 (1435,20,8,'2025-05-01','16:00:00',650.0),
 (1436,21,2,'2024-08-10','13:00:00',220.0),
 (1437,22,9,'2025-07-01','20:00:00',1150.0),
 (1438,23,4,'2024-05-10','15:00:00',850.0),
 (1439,24,6,'2024-11-15','18:00:00',1850.0),
 (1440,25,10,'2025-03-01','12:00:00',480.0),
 (1441,26,3,'2024-01-25','10:00:00',1150.0),
 (1442,27,7,'2024-04-10','15:00:00',920.0),
 (1443,28,1,'2024-02-20','18:00:00',360.0),
 (1444,29,5,'2024-11-20','09:00:00',2000.0),
 (1445,30,8,'2025-01-05','14:00:00',580.0),
 (1446,31,2,'2024-06-20','10:00:00',170.0),
 (1447,32,9,'2025-05-15','19:00:00',970.0),
 (1448,33,4,'2024-03-15','11:00:00',700.0),
 (1449,34,6,'2024-09-01','15:00:00',1600.0),
 (1450,35,10,'2025-04-01','13:00:00',440.0),
 (1451,36,3,'2024-02-05','11:00:00',1200.0),
 (1452,37,7,'2024-03-25','16:00:00',880.0),
 (1453,38,1,'2024-01-10','19:00:00',320.0),
 (1454,39,5,'2024-10-25','08:00:00',2400.0),
 (1455,40,8,'2025-02-20','17:00:00',540.0),
 (1456,41,2,'2024-07-01','12:00:00',160.0),
 (1457,42,9,'2025-06-10','21:00:00',1020.0),
 (1458,43,4,'2024-04-05','13:00:00',780.0),
 (1459,44,6,'2024-09-05','17:00:00',1750.0),
 (1460,45,10,'2025-01-15','11:00:00',410.0),
 (1461,46,3,'2024-03-05','14:00:00',1350.0),
 (1462,47,7,'2024-05-10','10:00:00',910.0),
 (1463,48,1,'2024-01-30','18:00:00',330.0),
 (1464,49,5,'2024-12-10','09:00:00',2150.0),
 (1465,50,8,'2025-03-10','15:00:00',630.0),
 (1466,1,2,'2024-08-20','11:00:00',190.0),
 (1467,2,9,'2025-07-05','20:00:00',1080.0),
 (1468,3,4,'2024-05-25','14:00:00',820.0),
 (1469,4,6,'2024-10-15','16:00:00',1820.0),
 (1470,5,10,'2025-02-10','10:00:00',460.0),
 (1471,6,3,'2024-04-15','13:00:00',1450.0),
 (1472,7,7,'2024-06-25','11:00:00',1050.0),
 (1473,8,1,'2024-03-10','17:00:00',390.0),
 (1474,9,5,'2025-01-20','09:00:00',2350.0),
 (1475,10,8,'2025-05-10','16:00:00',680.0),
 (1476,11,2,'2024-08-25','13:00:00',230.0),
 (1477,12,9,'2025-07-15','20:00:00',1200.0),
 (1478,13,4,'2024-06-05','15:00:00',870.0),
 (1479,14,6,'2024-11-25','18:00:00',1880.0),
 (1480,15,10,'2025-03-10','12:00:00',490.0),
 (1481,16,3,'2024-02-15','10:00:00',1180.0),
 (1482,17,7,'2024-04-20','15:00:00',940.0),
 (1483,18,1,'2024-01-15','19:00:00',350.0),
 (1484,19,5,'2024-11-05','08:30:00',2050.0),
 (1485,20,8,'2025-02-25','17:00:00',570.0),
 (1486,21,2,'2024-07-20','12:00:00',175.0),
 (1487,22,9,'2025-06-05','21:00:00',990.0),
 (1488,23,4,'2024-04-25','14:00:00',730.0),
 (1489,24,6,'2024-09-15','18:00:00',1810.0),
 (1490,25,10,'2025-01-25','11:00:00',430.0),
 (1491,26,3,'2024-03-25','13:00:00',1320.0),
 (1492,27,7,'2024-05-05','09:00:00',930.0),
 (1493,28,1,'2024-02-15','16:00:00',310.0),
 (1494,29,5,'2024-12-05','10:00:00',2250.0),
 (1495,30,8,'2025-04-05','15:00:00',710.0),
 (1496,31,2,'2024-07-25','11:00:00',185.0),
 (1497,32,9,'2025-06-15','19:00:00',1010.0),
 (1498,33,4,'2024-04-10','12:00:00',760.0),
 (1499,34,6,'2024-10-05','16:00:00',1720.0),
 (1500,35,10,'2025-02-05','10:00:00',450.0),
 (1501,36,3,'2024-04-10','14:00:00',1420.0),
 (1502,37,7,'2024-06-10','11:00:00',1020.0),
 (1503,38,1,'2024-03-05','17:00:00',370.0),
 (1504,39,5,'2025-01-15','09:00:00',2320.0),
 (1505,40,8,'2025-05-05','16:00:00',660.0),
 (1506,41,2,'2024-08-15','13:00:00',225.0),
 (1507,42,9,'2025-07-05','20:00:00',1180.0),
 (1508,43,4,'2024-05-15','15:00:00',860.0),
 (1509,44,6,'2024-11-20','18:00:00',1870.0),
 (1510,45,10,'2025-03-05','12:00:00',470.0),
 (1511,46,3,'2024-01-30','10:00:00',1170.0),
 (1512,47,7,'2024-04-25','15:00:00',930.0),
 (1513,48,1,'2024-02-25','18:00:00',355.0),
 (1514,49,5,'2024-11-25','09:00:00',2020.0),
 (1515,50,8,'2025-01-10','14:00:00',590.0),
 (1516,1,2,'2024-06-25','10:00:00',180.0),
 (1517,2,9,'2025-05-20','19:00:00',980.0),
 (1518,3,4,'2024-03-20','11:00:00',710.0),
 (1519,4,6,'2024-09-10','15:00:00',1650.0),
 (1520,5,10,'2025-04-05','13:00:00',460.0),
 (1521,6,3,'2024-02-10','11:00:00',1220.0),
 (1522,7,7,'2024-03-30','16:00:00',890.0),
 (1523,8,1,'2024-01-15','19:00:00',335.0),
 (1524,9,5,'2024-10-30','08:00:00',2450.0),
 (1525,10,8,'2025-02-25','17:00:00',550.0),
 (1526,11,2,'2024-07-05','12:00:00',165.0),
 (1527,12,9,'2025-06-15','21:00:00',1040.0),
 (1528,13,4,'2024-04-10','13:00:00',790.0),
 (1529,14,6,'2024-09-10','17:00:00',1780.0),
 (1530,15,10,'2025-01-20','11:00:00',420.0),
 (1531,16,3,'2024-03-10','14:00:00',1380.0),
 (1532,17,7,'2024-05-15','10:00:00',900.0),
 (1533,18,1,'2024-02-01','18:00:00',340.0),
 (1534,19,5,'2024-12-15','09:00:00',2180.0),
 (1535,20,8,'2025-03-15','15:00:00',640.0),
 (1536,21,2,'2024-08-05','11:00:00',195.0),
 (1537,22,9,'2025-07-10','20:00:00',1100.0),
 (1538,23,4,'2024-05-30','14:00:00',830.0),
 (1539,24,6,'2024-10-20','16:00:00',1840.0),
 (1540,25,10,'2025-02-15','10:00:00',470.0),
 (1541,26,3,'2024-04-20','13:00:00',1480.0),
 (1542,27,7,'2024-06-30','11:00:00',1080.0),
 (1543,28,1,'2024-03-15','17:00:00',400.0),
 (1544,29,5,'2025-01-25','09:00:00',2380.0),
 (1545,30,8,'2025-05-15','16:00:00',700.0),
 (1546,31,2,'2024-08-30','13:00:00',240.0),
 (1547,32,9,'2025-07-20','20:00:00',1250.0),
 (1548,33,4,'2024-06-10','15:00:00',890.0),
 (1549,34,6,'2024-12-01','18:00:00',1900.0),
 (1550,35,10,'2025-03-15','12:00:00',500.0),
 (1551,36,3,'2024-02-20','10:00:00',1200.0),
 (1552,37,7,'2024-05-05','15:00:00',960.0),
 (1553,38,1,'2024-01-20','19:00:00',360.0),
 (1554,39,5,'2024-11-10','08:30:00',2100.0),
 (1555,40,8,'2025-02-05','17:00:00',600.0),
 (1556,41,2,'2024-07-10','12:00:00',180.0),
 (1557,42,9,'2025-06-20','21:00:00',1050.0),
 (1558,43,4,'2024-04-20','14:00:00',800.0),
 (1559,44,6,'2024-09-25','18:00:00',1800.0),
 (1560,45,10,'2025-01-30','11:00:00',440.0),
 (1561,46,3,'2024-03-01','13:00:00',1280.0),
 (1562,47,7,'2024-05-20','09:00:00',950.0),
 (1563,48,1,'2024-02-05','16:00:00',320.0),
 (1564,49,5,'2024-12-20','10:00:00',2200.0),
 (1565,50,8,'2025-04-10','15:00:00',720.0);
INSERT INTO "venta_detalle" VALUES (1,1,10,5,150.0,750.0),
 (2,1,25,2,250.375,500.75),
 (3,2,5,3,100.0,300.0),
 (4,2,60,1,599.99,599.99),
 (5,3,1,1,120.0,120.0),
 (6,3,110,2,112.75,225.5),
 (7,4,30,10,210.0,2100.0),
 (8,5,45,3,100.0,300.0),
 (9,5,70,1,260.25,260.25),
 (10,6,2,1,150.0,150.0),
 (11,7,88,2,240.25,480.5),
 (12,7,95,1,500.0,500.0),
 (13,8,15,4,180.0,720.0),
 (14,9,75,3,600.0,1800.0),
 (15,10,100,2,200.0,400.0),
 (16,11,20,5,220.0,1100.0),
 (17,12,35,2,475.0,950.0),
 (18,13,40,3,150.0,450.0),
 (19,14,50,10,250.0,2500.0),
 (20,15,65,4,150.0,600.0),
 (21,16,80,1,200.0,200.0),
 (22,17,90,3,350.0,1050.0),
 (23,18,105,2,400.0,800.0),
 (24,19,112,5,380.0,1900.0),
 (25,20,7,1,500.0,500.0),
 (26,21,18,4,325.0,1300.0),
 (27,22,28,3,300.0,900.0),
 (28,23,38,2,150.0,300.0),
 (29,24,48,10,220.0,2200.0),
 (30,25,58,5,140.0,700.0),
 (31,26,68,1,180.0,180.0),
 (32,27,78,2,500.0,1000.0),
 (33,28,88,3,250.0,750.0),
 (34,29,98,4,425.0,1700.0),
 (35,30,108,2,210.0,420.0),
 (36,31,11,5,280.0,1400.0),
 (37,32,21,4,250.0,1000.0),
 (38,33,31,2,190.0,380.0),
 (39,34,41,10,230.0,2300.0),
 (40,35,51,5,130.0,650.0),
 (41,36,61,1,220.0,220.0),
 (42,37,71,2,575.0,1150.0),
 (43,38,81,3,283.33,850.0),
 (44,39,91,4,462.5,1850.0),
 (45,40,101,2,240.0,480.0),
 (46,41,12,5,230.0,1150.0),
 (47,42,22,4,230.0,920.0),
 (48,43,32,2,180.0,360.0),
 (49,44,42,10,200.0,2000.0),
 (50,45,52,5,116.0,580.0),
 (51,46,62,1,170.0,170.0),
 (52,47,72,2,485.0,970.0),
 (53,48,82,3,233.33,700.0),
 (54,49,92,4,400.0,1600.0),
 (55,50,102,2,220.0,440.0),
 (56,51,13,5,240.0,1200.0),
 (57,52,23,4,220.0,880.0),
 (58,53,33,2,160.0,320.0),
 (59,54,43,10,240.0,2400.0),
 (60,55,53,5,108.0,540.0),
 (61,56,63,1,160.0,160.0),
 (62,57,73,2,510.0,1020.0),
 (63,58,83,3,260.0,780.0),
 (64,59,93,4,437.5,1750.0),
 (65,60,103,2,205.0,410.0),
 (66,61,14,5,270.0,1350.0),
 (67,62,24,4,227.5,910.0),
 (68,63,34,2,165.0,330.0),
 (69,64,44,10,215.0,2150.0),
 (70,65,54,5,126.0,630.0),
 (71,66,64,1,190.0,190.0),
 (72,67,74,2,540.0,1080.0),
 (73,68,84,3,273.33,820.0),
 (74,69,94,4,455.0,1820.0),
 (75,70,104,2,230.0,460.0),
 (76,71,15,5,290.0,1450.0),
 (77,72,25,4,262.5,1050.0),
 (78,73,35,2,195.0,390.0),
 (79,74,45,10,235.0,2350.0),
 (80,75,55,5,136.0,680.0),
 (81,76,65,1,230.0,230.0),
 (82,77,75,2,600.0,1200.0),
 (83,78,85,3,290.0,870.0),
 (84,79,95,4,470.0,1880.0),
 (85,80,105,2,245.0,490.0),
 (86,81,16,5,236.0,1180.0),
 (87,82,26,4,235.0,940.0),
 (88,83,36,2,175.0,350.0),
 (89,84,46,10,205.0,2050.0),
 (90,85,56,5,114.0,570.0),
 (91,86,66,1,175.0,175.0),
 (92,87,76,2,495.0,990.0),
 (93,88,86,3,243.33,730.0),
 (94,89,96,4,452.5,1810.0),
 (95,90,106,2,215.0,430.0),
 (96,91,17,5,264.0,1320.0),
 (97,92,27,4,232.5,930.0),
 (98,93,37,2,155.0,310.0),
 (99,94,47,10,225.0,2250.0),
 (100,95,57,5,142.0,710.0),
 (101,96,67,1,185.0,185.0),
 (102,97,77,2,505.0,1010.0),
 (103,98,87,3,253.33,760.0),
 (104,99,97,4,430.0,1720.0),
 (105,100,107,2,225.0,450.0),
 (106,101,18,5,284.0,1420.0),
 (107,102,28,4,255.0,1020.0),
 (108,103,38,2,185.0,370.0),
 (109,104,48,10,232.0,2320.0),
 (110,105,58,5,132.0,660.0),
 (111,106,68,1,225.0,225.0),
 (112,107,78,2,590.0,1180.0),
 (113,108,88,3,286.67,860.0),
 (114,109,98,4,467.5,1870.0),
 (115,110,108,2,235.0,470.0),
 (116,111,19,5,234.0,1170.0),
 (117,112,29,4,232.5,930.0),
 (118,113,39,2,177.5,355.0),
 (119,114,49,10,202.0,2020.0),
 (120,115,59,5,118.0,590.0),
 (121,116,69,1,180.0,180.0),
 (122,117,79,2,490.0,980.0),
 (123,118,89,3,236.67,710.0),
 (124,119,99,4,412.5,1650.0),
 (125,120,109,2,230.0,460.0),
 (126,121,20,5,244.0,1220.0),
 (127,122,30,4,222.5,890.0),
 (128,123,40,2,167.5,335.0),
 (129,124,50,10,245.0,2450.0),
 (130,125,60,5,110.0,550.0),
 (131,126,70,1,165.0,165.0),
 (132,127,80,2,520.0,1040.0),
 (133,128,90,3,263.33,790.0),
 (134,129,100,4,445.0,1780.0),
 (135,130,110,2,210.0,420.0),
 (136,131,21,5,276.0,1380.0),
 (137,132,31,4,225.0,900.0),
 (138,133,41,2,170.0,340.0),
 (139,134,51,10,218.0,2180.0),
 (140,135,61,5,128.0,640.0),
 (141,136,71,1,195.0,195.0),
 (142,137,81,2,550.0,1100.0),
 (143,138,91,3,276.67,830.0),
 (144,139,101,4,460.0,1840.0),
 (145,140,111,2,235.0,470.0),
 (146,141,22,5,296.0,1480.0),
 (147,142,32,4,270.0,1080.0),
 (148,143,42,2,200.0,400.0),
 (149,144,52,10,238.0,2380.0),
 (150,145,62,5,140.0,700.0),
 (151,146,72,1,240.0,240.0),
 (152,147,82,2,625.0,1250.0),
 (153,148,92,3,296.67,890.0),
 (154,149,102,4,475.0,1900.0),
 (155,150,112,2,250.0,500.0),
 (156,151,23,5,240.0,1200.0),
 (157,152,33,4,240.0,960.0),
 (158,153,43,2,180.0,360.0),
 (159,154,53,10,210.0,2100.0),
 (160,155,63,5,120.0,600.0),
 (161,156,73,1,180.0,180.0),
 (162,157,83,2,525.0,1050.0),
 (163,158,93,3,266.67,800.0),
 (164,159,103,4,450.0,1800.0),
 (165,160,112,2,220.0,440.0),
 (166,161,24,5,256.0,1280.0),
 (167,162,34,4,237.5,950.0),
 (168,163,44,2,160.0,320.0),
 (169,164,54,10,220.0,2200.0),
 (170,165,64,5,144.0,720.0),
 (171,166,74,1,190.0,190.0),
 (172,167,84,2,500.0,1000.0),
 (173,168,94,3,250.0,750.0),
 (174,169,104,4,425.0,1700.0),
 (175,161,24,5,256.0,1280.0),
 (176,162,34,4,237.5,950.0),
 (177,163,44,2,160.0,320.0),
 (178,164,54,10,220.0,2200.0),
 (179,165,64,5,144.0,720.0),
 (180,166,74,1,190.0,190.0),
 (181,167,84,2,500.0,1000.0),
 (182,168,94,3,250.0,750.0),
 (183,169,104,4,425.0,1700.0),
 (184,170,111,2,240.0,480.0),
 (185,171,25,5,280.0,1400.0),
 (186,172,35,4,250.0,1000.0),
 (187,173,45,2,190.0,380.0),
 (188,174,55,10,230.0,2300.0),
 (189,175,65,5,130.0,650.0),
 (190,176,75,1,220.0,220.0),
 (191,177,85,2,575.0,1150.0),
 (192,178,95,3,283.33,850.0),
 (193,179,105,4,462.5,1850.0),
 (194,161,24,5,256.0,1280.0),
 (195,162,34,4,237.5,950.0),
 (196,163,44,2,160.0,320.0),
 (197,164,54,10,220.0,2200.0),
 (198,165,64,5,144.0,720.0),
 (199,166,74,1,190.0,190.0),
 (200,167,84,2,500.0,1000.0),
 (201,168,94,3,250.0,750.0),
 (202,169,104,4,425.0,1700.0),
 (203,170,111,2,240.0,480.0),
 (204,171,25,5,280.0,1400.0),
 (205,172,35,4,250.0,1000.0),
 (206,173,45,2,190.0,380.0),
 (207,174,55,10,230.0,2300.0),
 (208,175,65,5,130.0,650.0),
 (209,176,75,1,220.0,220.0),
 (210,177,85,2,575.0,1150.0),
 (211,178,95,3,283.33,850.0),
 (212,179,105,4,462.5,1850.0),
 (213,180,110,2,240.0,480.0),
 (214,181,26,5,230.0,1150.0),
 (215,182,36,4,230.0,920.0),
 (216,183,46,2,180.0,360.0),
 (217,184,56,10,200.0,2000.0),
 (218,185,66,5,116.0,580.0),
 (219,186,76,1,170.0,170.0),
 (220,187,86,2,485.0,970.0),
 (221,188,96,3,233.33,700.0),
 (222,189,106,4,400.0,1600.0),
 (223,190,111,2,220.0,440.0),
 (224,191,27,5,240.0,1200.0),
 (225,192,37,4,220.0,880.0),
 (226,193,47,2,160.0,320.0),
 (227,194,57,10,240.0,2400.0),
 (228,195,67,5,108.0,540.0),
 (229,196,77,1,160.0,160.0),
 (230,197,87,2,510.0,1020.0),
 (231,198,97,3,260.0,780.0),
 (232,199,107,4,437.5,1750.0),
 (233,200,112,2,205.0,410.0),
 (234,201,28,5,270.0,1350.0),
 (235,202,38,4,227.5,910.0),
 (236,203,48,2,165.0,330.0),
 (237,204,58,10,215.0,2150.0),
 (238,205,68,5,126.0,630.0),
 (239,206,78,1,190.0,190.0),
 (240,207,88,2,540.0,1080.0),
 (241,208,98,3,273.33,820.0),
 (242,209,108,4,455.0,1820.0),
 (243,210,18,2,230.0,460.0),
 (244,211,29,5,290.0,1450.0),
 (245,212,39,4,262.5,1050.0),
 (246,213,49,2,195.0,390.0),
 (247,214,59,10,235.0,2350.0),
 (248,215,69,5,136.0,680.0),
 (249,216,79,1,230.0,230.0),
 (250,217,89,2,600.0,1200.0),
 (251,218,99,3,290.0,870.0),
 (252,219,109,4,470.0,1880.0),
 (253,220,11,2,245.0,490.0),
 (254,221,30,5,236.0,1180.0),
 (255,222,40,4,235.0,940.0),
 (256,223,50,2,175.0,350.0),
 (257,224,60,10,205.0,2050.0),
 (258,225,70,5,114.0,570.0),
 (259,226,80,1,175.0,175.0),
 (260,227,90,2,495.0,990.0),
 (261,228,100,3,243.33,730.0),
 (262,229,110,4,452.5,1810.0),
 (263,230,20,2,215.0,430.0),
 (264,231,31,5,264.0,1320.0),
 (265,232,41,4,232.5,930.0),
 (266,233,51,2,155.0,310.0),
 (267,234,61,10,225.0,2250.0),
 (268,235,71,5,142.0,710.0),
 (269,236,81,1,185.0,185.0),
 (270,237,91,2,505.0,1010.0),
 (271,238,101,3,253.33,760.0),
 (272,239,111,4,430.0,1720.0),
 (273,240,21,2,225.0,450.0),
 (274,241,32,5,284.0,1420.0),
 (275,242,42,4,255.0,1020.0),
 (276,243,52,2,185.0,370.0),
 (277,244,62,10,232.0,2320.0),
 (278,245,72,5,132.0,660.0),
 (279,246,82,1,225.0,225.0),
 (280,247,92,2,590.0,1180.0),
 (281,248,102,3,286.67,860.0),
 (282,249,112,4,467.5,1870.0),
 (283,250,22,2,235.0,470.0),
 (284,251,33,5,234.0,1170.0),
 (285,252,43,4,232.5,930.0),
 (286,253,53,2,177.5,355.0),
 (287,254,63,10,202.0,2020.0),
 (288,255,73,5,118.0,590.0),
 (289,256,83,1,180.0,180.0),
 (290,257,93,2,490.0,980.0),
 (291,258,103,3,236.67,710.0),
 (292,259,13,4,412.5,1650.0),
 (293,260,23,2,230.0,460.0),
 (294,261,34,5,244.0,1220.0),
 (295,262,44,4,222.5,890.0),
 (296,263,54,2,167.5,335.0),
 (297,264,64,10,245.0,2450.0),
 (298,265,74,5,110.0,550.0),
 (299,266,84,1,165.0,165.0),
 (300,267,94,2,520.0,1040.0),
 (301,268,104,3,263.33,790.0),
 (302,269,14,4,445.0,1780.0),
 (303,270,24,2,210.0,420.0),
 (304,271,35,5,276.0,1380.0),
 (305,272,45,4,225.0,900.0),
 (306,273,55,2,170.0,340.0),
 (307,274,65,10,218.0,2180.0),
 (308,275,75,5,128.0,640.0),
 (309,276,85,1,195.0,195.0),
 (310,277,95,2,550.0,1100.0),
 (311,278,105,3,276.67,830.0),
 (312,279,15,4,460.0,1840.0),
 (313,280,25,2,235.0,470.0),
 (314,281,36,5,296.0,1480.0),
 (315,282,46,4,270.0,1080.0),
 (316,283,56,2,200.0,400.0),
 (317,284,66,10,238.0,2380.0),
 (318,285,76,5,140.0,700.0),
 (319,286,86,1,240.0,240.0),
 (320,287,96,2,625.0,1250.0),
 (321,288,106,3,296.67,890.0),
 (322,289,16,4,475.0,1900.0),
 (323,290,26,2,250.0,500.0),
 (324,291,37,5,240.0,1200.0),
 (325,292,47,4,240.0,960.0),
 (326,293,57,2,180.0,360.0),
 (327,294,67,10,210.0,2100.0),
 (328,295,77,5,120.0,600.0),
 (329,296,87,1,180.0,180.0),
 (330,297,97,2,525.0,1050.0),
 (331,298,107,3,266.67,800.0),
 (332,299,17,4,450.0,1800.0),
 (333,300,27,2,220.0,440.0),
 (334,301,5,2,185.0,370.0),
 (335,302,110,10,232.0,2320.0),
 (336,303,15,4,165.0,660.0),
 (337,304,2,1,225.0,225.0),
 (338,305,99,2,590.0,1180.0),
 (339,306,25,3,286.67,860.0),
 (340,307,75,4,467.5,1870.0),
 (341,308,105,2,235.0,470.0),
 (342,309,10,5,234.0,1170.0),
 (343,310,20,4,232.5,930.0),
 (344,311,30,2,177.5,355.0),
 (345,312,40,10,202.0,2020.0),
 (346,313,50,5,118.0,590.0),
 (347,314,60,1,180.0,180.0),
 (348,315,70,2,490.0,980.0),
 (349,316,80,3,236.67,710.0),
 (350,317,90,4,412.5,1650.0),
 (351,318,100,2,230.0,460.0),
 (352,319,110,5,244.0,1220.0),
 (353,320,1,4,222.5,890.0),
 (354,321,11,2,167.5,335.0),
 (355,322,21,10,245.0,2450.0),
 (356,323,31,5,110.0,550.0),
 (357,324,41,1,165.0,165.0),
 (358,325,51,2,520.0,1040.0),
 (359,326,61,3,263.33,790.0),
 (360,327,71,4,445.0,1780.0),
 (361,328,81,2,210.0,420.0),
 (362,329,91,5,276.0,1380.0),
 (363,330,101,4,225.0,900.0),
 (364,331,111,2,170.0,340.0),
 (365,332,112,10,218.0,2180.0),
 (366,333,1,5,128.0,640.0),
 (367,334,12,1,195.0,195.0),
 (368,335,22,2,550.0,1100.0),
 (369,336,32,3,276.67,830.0),
 (370,337,42,4,460.0,1840.0),
 (371,338,52,2,235.0,470.0),
 (372,339,62,5,296.0,1480.0),
 (373,340,72,4,270.0,1080.0),
 (374,341,82,2,200.0,400.0),
 (375,342,92,10,238.0,2380.0),
 (376,343,102,5,140.0,700.0),
 (377,344,112,1,240.0,240.0),
 (378,345,1,2,625.0,1250.0),
 (379,346,11,3,296.67,890.0),
 (380,347,21,4,475.0,1900.0),
 (381,348,31,2,250.0,500.0),
 (382,349,41,5,240.0,1200.0),
 (383,350,51,4,240.0,960.0),
 (384,351,61,2,180.0,360.0),
 (385,352,71,10,210.0,2100.0),
 (386,353,81,5,120.0,600.0),
 (387,354,91,1,180.0,180.0),
 (388,355,101,2,525.0,1050.0),
 (389,356,111,3,266.67,800.0),
 (390,357,112,4,450.0,1800.0),
 (391,358,1,2,220.0,440.0),
 (392,359,12,5,256.0,1280.0),
 (393,360,22,4,237.5,950.0),
 (394,361,32,2,160.0,320.0),
 (395,362,42,10,220.0,2200.0),
 (396,363,52,5,144.0,720.0),
 (397,364,62,1,190.0,190.0),
 (398,365,72,2,500.0,1000.0),
 (399,366,82,3,250.0,750.0),
 (400,367,92,4,425.0,1700.0),
 (401,368,102,2,240.0,480.0),
 (402,369,112,5,280.0,1400.0),
 (403,370,1,4,250.0,1000.0),
 (404,371,11,2,190.0,380.0),
 (405,372,21,10,230.0,2300.0),
 (406,373,31,5,130.0,650.0),
 (407,374,41,1,220.0,220.0),
 (408,375,51,2,575.0,1150.0),
 (409,376,61,3,283.33,850.0),
 (410,377,71,4,462.5,1850.0),
 (411,378,81,2,240.0,480.0),
 (412,379,91,5,230.0,1150.0),
 (413,380,101,4,230.0,920.0),
 (414,381,111,2,180.0,360.0),
 (415,382,112,10,200.0,2000.0),
 (416,383,1,5,116.0,580.0),
 (417,384,12,1,170.0,170.0),
 (418,385,22,2,485.0,970.0),
 (419,386,32,3,233.33,700.0),
 (420,387,42,4,400.0,1600.0),
 (421,388,52,2,220.0,440.0),
 (422,389,62,5,240.0,1200.0),
 (423,390,72,4,220.0,880.0),
 (424,391,82,2,160.0,320.0),
 (425,392,92,10,240.0,2400.0),
 (426,393,102,5,108.0,540.0),
 (427,394,112,1,160.0,160.0),
 (428,395,1,2,510.0,1020.0),
 (429,396,11,3,260.0,780.0),
 (430,397,21,4,437.5,1750.0),
 (431,398,31,2,205.0,410.0),
 (432,399,41,5,270.0,1350.0),
 (433,400,51,4,227.5,910.0),
 (434,401,61,2,165.0,330.0),
 (435,402,71,10,215.0,2150.0),
 (436,403,81,5,126.0,630.0),
 (437,404,91,1,190.0,190.0),
 (438,405,101,2,540.0,1080.0),
 (439,406,111,3,273.33,820.0),
 (440,407,112,4,455.0,1820.0),
 (441,408,1,2,230.0,460.0),
 (442,409,12,5,290.0,1450.0),
 (443,410,22,4,262.5,1050.0),
 (444,411,32,2,195.0,390.0),
 (445,412,42,10,235.0,2350.0),
 (446,413,52,5,136.0,680.0),
 (447,414,62,1,230.0,230.0),
 (448,415,72,2,600.0,1200.0),
 (449,416,82,3,290.0,870.0),
 (450,417,92,4,470.0,1880.0),
 (451,418,102,2,245.0,490.0),
 (452,419,112,5,236.0,1180.0),
 (453,420,1,4,235.0,940.0),
 (454,421,11,2,175.0,350.0),
 (455,422,21,10,205.0,2050.0),
 (456,423,31,5,114.0,570.0),
 (457,424,41,1,175.0,175.0),
 (458,425,51,2,495.0,990.0),
 (459,426,61,3,243.33,730.0),
 (460,427,71,4,452.5,1810.0),
 (461,428,81,2,215.0,430.0),
 (462,429,91,5,264.0,1320.0),
 (463,430,101,4,232.5,930.0),
 (464,431,111,2,155.0,310.0),
 (465,432,112,10,225.0,2250.0),
 (466,433,1,5,142.0,710.0),
 (467,434,12,1,185.0,185.0),
 (468,435,22,2,505.0,1010.0),
 (469,436,32,3,253.33,760.0),
 (470,437,42,4,430.0,1720.0),
 (471,438,52,2,225.0,450.0),
 (472,439,62,5,284.0,1420.0),
 (473,440,72,4,255.0,1020.0),
 (474,441,82,2,185.0,370.0),
 (475,442,92,10,232.0,2320.0),
 (476,443,102,5,132.0,660.0),
 (477,444,112,1,225.0,225.0),
 (478,445,1,2,590.0,1180.0),
 (479,446,11,3,286.67,860.0),
 (480,447,21,4,467.5,1870.0),
 (481,448,31,2,235.0,470.0),
 (482,449,41,5,234.0,1170.0),
 (483,450,51,4,232.5,930.0),
 (484,451,61,2,177.5,355.0),
 (485,452,71,10,202.0,2020.0),
 (486,453,81,5,118.0,590.0),
 (487,454,91,1,180.0,180.0),
 (488,455,101,2,490.0,980.0),
 (489,456,111,3,236.67,710.0),
 (490,457,112,4,412.5,1650.0),
 (491,458,1,2,230.0,460.0),
 (492,459,12,5,244.0,1220.0),
 (493,460,22,4,222.5,890.0),
 (494,461,32,2,167.5,335.0),
 (495,462,42,10,245.0,2450.0),
 (496,463,52,5,110.0,550.0),
 (497,464,62,1,165.0,165.0),
 (498,465,72,2,520.0,1040.0),
 (499,466,82,3,263.33,790.0),
 (500,467,92,4,445.0,1780.0),
 (501,468,102,2,210.0,420.0),
 (502,469,112,5,276.0,1380.0),
 (503,470,1,4,225.0,900.0),
 (504,471,11,2,170.0,340.0),
 (505,472,21,10,218.0,2180.0),
 (506,473,31,5,128.0,640.0),
 (507,474,41,1,195.0,195.0),
 (508,475,51,2,550.0,1100.0),
 (509,476,61,3,276.67,830.0),
 (510,477,71,4,460.0,1840.0),
 (511,478,81,2,235.0,470.0),
 (512,479,91,5,296.0,1480.0),
 (513,480,101,4,270.0,1080.0),
 (514,481,111,2,200.0,400.0),
 (515,482,112,10,238.0,2380.0),
 (516,483,1,5,140.0,700.0),
 (517,484,12,1,240.0,240.0),
 (518,485,22,2,625.0,1250.0),
 (519,486,32,3,296.67,890.0),
 (520,487,42,4,475.0,1900.0),
 (521,488,52,2,250.0,500.0),
 (522,489,62,5,240.0,1200.0),
 (523,490,72,4,240.0,960.0),
 (524,491,82,2,180.0,360.0),
 (525,492,92,10,210.0,2100.0),
 (526,493,102,5,120.0,600.0),
 (527,494,112,1,180.0,180.0),
 (528,495,1,2,525.0,1050.0),
 (529,496,11,3,266.67,800.0),
 (530,497,21,4,450.0,1800.0),
 (531,498,31,2,220.0,440.0),
 (532,499,41,5,256.0,1280.0),
 (533,500,51,4,237.5,950.0),
 (534,501,61,2,160.0,320.0),
 (535,502,71,10,220.0,2200.0),
 (536,503,81,5,144.0,720.0),
 (537,504,91,1,190.0,190.0),
 (538,505,101,2,500.0,1000.0),
 (539,506,111,3,250.0,750.0),
 (540,507,112,4,425.0,1700.0),
 (541,508,1,2,240.0,480.0),
 (542,509,12,5,280.0,1400.0),
 (543,510,22,4,250.0,1000.0),
 (544,511,32,2,190.0,380.0),
 (545,512,42,10,230.0,2300.0),
 (546,513,52,5,130.0,650.0),
 (547,514,62,1,220.0,220.0),
 (548,515,72,2,575.0,1150.0),
 (549,516,82,3,283.33,850.0),
 (550,517,92,4,462.5,1850.0),
 (551,518,102,2,240.0,480.0),
 (552,519,112,5,230.0,1150.0),
 (553,520,1,4,230.0,920.0),
 (554,521,11,2,180.0,360.0),
 (555,522,21,10,200.0,2000.0),
 (556,523,31,5,116.0,580.0),
 (557,524,41,1,170.0,170.0),
 (558,525,51,2,485.0,970.0),
 (559,526,61,3,233.33,700.0),
 (560,527,71,4,400.0,1600.0),
 (561,528,81,2,220.0,440.0),
 (562,529,91,5,240.0,1200.0),
 (563,530,101,4,220.0,880.0),
 (564,531,111,2,160.0,320.0),
 (565,532,112,10,240.0,2400.0),
 (566,533,1,5,108.0,540.0),
 (567,534,12,1,160.0,160.0),
 (568,535,22,2,510.0,1020.0),
 (569,536,32,3,260.0,780.0),
 (570,537,42,4,437.5,1750.0),
 (571,538,52,2,205.0,410.0),
 (572,539,62,5,270.0,1350.0),
 (573,540,72,4,227.5,910.0),
 (574,541,82,2,165.0,330.0),
 (575,542,92,10,215.0,2150.0),
 (576,543,102,5,126.0,630.0),
 (577,544,112,1,190.0,190.0),
 (578,545,1,2,540.0,1080.0),
 (579,546,11,3,273.33,820.0),
 (580,547,21,4,455.0,1820.0),
 (581,548,31,2,230.0,460.0),
 (582,549,41,5,290.0,1450.0),
 (583,550,51,4,262.5,1050.0),
 (584,551,61,2,195.0,390.0),
 (585,552,71,10,235.0,2350.0),
 (586,553,81,5,136.0,680.0),
 (587,554,91,1,230.0,230.0),
 (588,555,101,2,600.0,1200.0),
 (589,556,111,3,290.0,870.0),
 (590,557,112,4,470.0,1880.0),
 (591,558,1,2,245.0,490.0),
 (592,559,12,5,236.0,1180.0),
 (593,560,22,4,235.0,940.0),
 (594,561,32,2,175.0,350.0),
 (595,562,42,10,205.0,2050.0),
 (596,563,52,5,114.0,570.0),
 (597,564,62,1,175.0,175.0),
 (598,565,72,2,495.0,990.0),
 (599,566,82,3,243.33,730.0),
 (600,567,92,4,452.5,1810.0),
 (601,568,102,2,215.0,430.0),
 (602,569,112,5,264.0,1320.0),
 (603,570,1,4,232.5,930.0),
 (604,571,11,2,155.0,310.0),
 (605,572,21,10,225.0,2250.0),
 (606,573,31,5,142.0,710.0),
 (607,574,41,1,185.0,185.0),
 (608,575,51,2,505.0,1010.0),
 (609,576,61,3,253.33,760.0),
 (610,577,71,4,430.0,1720.0),
 (611,578,81,2,225.0,450.0),
 (612,579,91,5,284.0,1420.0),
 (613,580,101,4,255.0,1020.0),
 (614,581,111,2,185.0,370.0),
 (615,582,112,10,232.0,2320.0),
 (616,583,1,5,132.0,660.0),
 (617,584,12,1,225.0,225.0),
 (618,585,22,2,590.0,1180.0),
 (619,586,32,3,286.67,860.0),
 (620,587,42,4,467.5,1870.0),
 (621,588,52,2,235.0,470.0),
 (622,589,62,5,234.0,1170.0),
 (623,590,72,4,232.5,930.0),
 (624,591,82,2,177.5,355.0),
 (625,592,92,10,202.0,2020.0),
 (626,593,102,5,118.0,590.0),
 (627,594,112,1,180.0,180.0),
 (628,595,1,2,490.0,980.0),
 (629,596,11,3,236.67,710.0),
 (630,597,21,4,412.5,1650.0),
 (631,598,31,2,230.0,460.0),
 (632,599,41,5,244.0,1220.0),
 (633,600,51,4,222.5,890.0),
 (634,601,61,2,167.5,335.0),
 (635,602,71,10,245.0,2450.0),
 (636,603,81,5,110.0,550.0),
 (637,604,91,1,165.0,165.0),
 (638,605,101,2,520.0,1040.0),
 (639,606,111,3,263.33,790.0),
 (640,607,112,4,445.0,1780.0),
 (641,608,1,2,210.0,420.0),
 (642,609,12,5,276.0,1380.0),
 (643,610,22,4,225.0,900.0),
 (644,611,32,2,170.0,340.0),
 (645,612,42,10,218.0,2180.0),
 (646,613,52,5,128.0,640.0),
 (647,614,62,1,195.0,195.0),
 (648,615,72,2,550.0,1100.0),
 (649,616,82,3,276.67,830.0),
 (650,617,92,4,460.0,1840.0),
 (651,618,102,2,235.0,470.0),
 (652,619,112,5,296.0,1480.0),
 (653,620,1,4,270.0,1080.0),
 (654,621,11,2,200.0,400.0),
 (655,622,21,10,238.0,2380.0),
 (656,623,31,5,140.0,700.0),
 (657,624,41,1,240.0,240.0),
 (658,625,51,2,625.0,1250.0),
 (659,626,61,3,296.67,890.0),
 (660,627,71,4,475.0,1900.0),
 (661,628,81,2,250.0,500.0),
 (662,629,91,5,240.0,1200.0),
 (663,630,101,4,240.0,960.0),
 (664,631,111,2,180.0,360.0),
 (665,632,112,10,210.0,2100.0),
 (666,633,1,5,120.0,600.0),
 (667,634,12,1,180.0,180.0),
 (668,635,22,2,525.0,1050.0),
 (669,636,32,3,266.67,800.0),
 (670,637,42,4,450.0,1800.0),
 (671,638,52,2,220.0,440.0),
 (672,639,62,5,256.0,1280.0),
 (673,640,72,4,237.5,950.0),
 (674,641,82,2,160.0,320.0),
 (675,642,92,10,220.0,2200.0),
 (676,643,102,5,144.0,720.0),
 (677,644,112,1,190.0,190.0),
 (678,645,1,2,500.0,1000.0),
 (679,646,11,3,250.0,750.0),
 (680,647,21,4,425.0,1700.0),
 (681,648,31,2,240.0,480.0),
 (682,649,41,5,280.0,1400.0),
 (683,650,51,4,250.0,1000.0),
 (684,651,61,2,190.0,380.0),
 (685,652,71,10,230.0,2300.0),
 (686,653,81,5,130.0,650.0),
 (687,654,91,1,220.0,220.0),
 (688,655,101,2,575.0,1150.0),
 (689,656,111,3,283.33,850.0),
 (690,657,112,4,462.5,1850.0),
 (691,658,1,2,240.0,480.0),
 (692,659,12,5,230.0,1150.0),
 (693,660,22,4,230.0,920.0),
 (694,661,32,2,180.0,360.0),
 (695,662,42,10,200.0,2000.0),
 (696,663,52,5,116.0,580.0),
 (697,664,62,1,170.0,170.0),
 (698,665,72,2,485.0,970.0),
 (699,666,82,3,233.33,700.0),
 (700,667,92,4,400.0,1600.0),
 (701,668,102,2,220.0,440.0),
 (702,669,112,5,240.0,1200.0),
 (703,670,1,4,220.0,880.0),
 (704,671,11,2,160.0,320.0),
 (705,672,21,10,240.0,2400.0),
 (706,673,31,5,108.0,540.0),
 (707,674,41,1,160.0,160.0),
 (708,675,51,2,510.0,1020.0),
 (709,676,61,3,260.0,780.0),
 (710,677,71,4,437.5,1750.0),
 (711,678,81,2,205.0,410.0),
 (712,679,91,5,270.0,1350.0),
 (713,680,101,4,227.5,910.0),
 (714,681,111,2,165.0,330.0),
 (715,682,112,10,215.0,2150.0),
 (716,683,1,5,126.0,630.0),
 (717,684,12,1,190.0,190.0),
 (718,685,22,2,540.0,1080.0),
 (719,686,32,3,273.33,820.0),
 (720,687,42,4,455.0,1820.0),
 (721,688,52,2,230.0,460.0),
 (722,689,62,5,290.0,1450.0),
 (723,690,72,4,262.5,1050.0),
 (724,691,82,2,195.0,390.0),
 (725,692,92,10,235.0,2350.0),
 (726,693,102,5,136.0,680.0),
 (727,694,112,1,230.0,230.0),
 (728,695,1,2,600.0,1200.0),
 (729,696,11,3,290.0,870.0),
 (730,697,21,4,470.0,1880.0),
 (731,698,31,2,245.0,490.0),
 (732,699,41,5,236.0,1180.0),
 (733,700,51,4,235.0,940.0),
 (734,701,61,2,175.0,350.0),
 (735,702,71,10,205.0,2050.0),
 (736,703,81,5,114.0,570.0),
 (737,704,91,1,175.0,175.0),
 (738,705,101,2,495.0,990.0),
 (739,706,111,3,243.33,730.0),
 (740,707,112,4,452.5,1810.0),
 (741,708,1,2,215.0,430.0),
 (742,709,12,5,264.0,1320.0),
 (743,710,22,4,232.5,930.0),
 (744,711,32,2,155.0,310.0),
 (745,712,42,10,225.0,2250.0),
 (746,713,52,5,142.0,710.0),
 (747,714,62,1,185.0,185.0),
 (748,715,72,2,505.0,1010.0),
 (749,716,82,3,253.33,760.0),
 (750,717,92,4,430.0,1720.0),
 (751,718,102,2,225.0,450.0),
 (752,719,112,5,284.0,1420.0),
 (753,720,1,4,255.0,1020.0),
 (754,721,11,2,185.0,370.0),
 (755,722,21,10,232.0,2320.0),
 (756,723,31,5,132.0,660.0),
 (757,724,41,1,225.0,225.0),
 (758,725,51,2,590.0,1180.0),
 (759,726,61,3,286.67,860.0),
 (760,727,71,4,467.5,1870.0),
 (761,728,81,2,235.0,470.0),
 (762,729,91,5,234.0,1170.0),
 (763,730,101,4,232.5,930.0),
 (764,731,111,2,177.5,355.0),
 (765,732,112,10,202.0,2020.0),
 (766,733,1,5,118.0,590.0),
 (767,734,12,1,180.0,180.0),
 (768,735,22,2,490.0,980.0),
 (769,736,32,3,236.67,710.0),
 (770,737,42,4,412.5,1650.0),
 (771,738,52,2,230.0,460.0),
 (772,739,62,5,244.0,1220.0),
 (773,740,72,4,222.5,890.0),
 (774,741,82,2,167.5,335.0),
 (775,742,92,10,245.0,2450.0),
 (776,743,102,5,110.0,550.0),
 (777,744,112,1,165.0,165.0),
 (778,745,1,2,520.0,1040.0),
 (779,746,11,3,263.33,790.0),
 (780,747,21,4,445.0,1780.0),
 (781,748,31,2,210.0,420.0),
 (782,749,41,5,276.0,1380.0),
 (783,750,51,4,225.0,900.0),
 (784,751,61,2,170.0,340.0),
 (785,752,71,10,218.0,2180.0),
 (786,753,81,5,128.0,640.0),
 (787,754,91,1,195.0,195.0),
 (788,755,101,2,550.0,1100.0),
 (789,756,111,3,276.67,830.0),
 (790,757,112,4,460.0,1840.0),
 (791,758,1,2,235.0,470.0),
 (792,759,12,5,296.0,1480.0),
 (793,760,22,4,270.0,1080.0),
 (794,761,32,2,200.0,400.0),
 (795,762,42,10,238.0,2380.0),
 (796,763,52,5,140.0,700.0),
 (797,764,62,1,240.0,240.0),
 (798,765,72,2,625.0,1250.0),
 (799,766,82,3,296.67,890.0),
 (800,767,92,4,475.0,1900.0),
 (801,768,102,2,250.0,500.0),
 (802,769,112,5,240.0,1200.0),
 (803,770,1,4,240.0,960.0),
 (804,771,11,2,180.0,360.0),
 (805,772,21,10,210.0,2100.0),
 (806,773,31,5,120.0,600.0),
 (807,774,41,1,180.0,180.0),
 (808,775,51,2,525.0,1050.0),
 (809,776,61,3,266.67,800.0),
 (810,777,71,4,450.0,1800.0),
 (811,778,81,2,220.0,440.0),
 (812,779,91,5,256.0,1280.0),
 (813,780,101,4,237.5,950.0),
 (814,781,111,2,160.0,320.0),
 (815,782,112,10,220.0,2200.0),
 (816,783,1,5,144.0,720.0),
 (817,784,12,1,190.0,190.0),
 (818,785,22,2,500.0,1000.0),
 (819,786,32,3,250.0,750.0),
 (820,787,42,4,425.0,1700.0),
 (821,788,52,2,240.0,480.0),
 (822,789,62,5,280.0,1400.0),
 (823,790,72,4,250.0,1000.0),
 (824,791,82,2,190.0,380.0),
 (825,792,92,10,230.0,2300.0),
 (826,793,102,5,130.0,650.0),
 (827,794,112,1,220.0,220.0),
 (828,795,1,2,575.0,1150.0),
 (829,796,11,3,283.33,850.0),
 (830,797,21,4,462.5,1850.0),
 (831,798,31,2,240.0,480.0),
 (832,799,41,5,230.0,1150.0),
 (833,800,51,4,230.0,920.0),
 (834,801,61,2,180.0,360.0),
 (835,802,71,10,200.0,2000.0),
 (836,803,81,5,116.0,580.0),
 (837,804,91,1,170.0,170.0),
 (838,805,101,2,485.0,970.0),
 (839,806,111,3,233.33,700.0),
 (840,807,112,4,400.0,1600.0),
 (841,808,1,2,220.0,440.0),
 (842,809,12,5,240.0,1200.0),
 (843,810,22,4,220.0,880.0),
 (844,811,32,2,160.0,320.0),
 (845,812,42,10,240.0,2400.0),
 (846,813,52,5,108.0,540.0),
 (847,814,62,1,160.0,160.0),
 (848,815,72,2,510.0,1020.0),
 (849,816,82,3,260.0,780.0),
 (850,817,92,4,437.5,1750.0),
 (851,818,102,2,205.0,410.0),
 (852,819,112,5,270.0,1350.0),
 (853,820,1,4,227.5,910.0),
 (854,821,11,2,165.0,330.0),
 (855,822,21,10,215.0,2150.0),
 (856,823,31,5,126.0,630.0),
 (857,824,41,1,190.0,190.0),
 (858,825,51,2,540.0,1080.0),
 (859,826,61,3,273.33,820.0),
 (860,827,71,4,455.0,1820.0),
 (861,828,81,2,230.0,460.0),
 (862,829,91,5,290.0,1450.0),
 (863,830,101,4,262.5,1050.0),
 (864,831,111,2,195.0,390.0),
 (865,832,112,10,235.0,2350.0),
 (866,833,1,5,136.0,680.0),
 (867,834,12,1,230.0,230.0),
 (868,835,22,2,600.0,1200.0),
 (869,836,32,3,290.0,870.0),
 (870,837,42,4,470.0,1880.0),
 (871,838,52,2,245.0,490.0),
 (872,839,62,5,236.0,1180.0),
 (873,840,72,4,235.0,940.0),
 (874,841,82,2,175.0,350.0),
 (875,842,92,10,205.0,2050.0),
 (876,843,102,5,114.0,570.0),
 (877,844,112,1,175.0,175.0),
 (878,845,1,2,495.0,990.0),
 (879,846,11,3,243.33,730.0),
 (880,847,21,4,452.5,1810.0),
 (881,848,31,2,215.0,430.0),
 (882,849,41,5,264.0,1320.0),
 (883,850,51,4,232.5,930.0),
 (884,851,61,2,155.0,310.0),
 (885,852,71,10,225.0,2250.0),
 (886,853,81,5,142.0,710.0),
 (887,854,91,1,185.0,185.0),
 (888,855,101,2,505.0,1010.0),
 (889,856,111,3,253.33,760.0),
 (890,857,112,4,430.0,1720.0),
 (891,858,1,2,225.0,450.0),
 (892,859,12,5,284.0,1420.0),
 (893,860,22,4,255.0,1020.0),
 (894,861,32,2,185.0,370.0),
 (895,862,42,10,232.0,2320.0),
 (896,863,52,5,132.0,660.0),
 (897,864,62,1,225.0,225.0),
 (898,865,72,2,590.0,1180.0),
 (899,866,82,3,286.67,860.0),
 (900,867,92,4,467.5,1870.0),
 (901,868,102,2,235.0,470.0),
 (902,869,112,5,234.0,1170.0),
 (903,870,1,4,232.5,930.0),
 (904,871,11,2,177.5,355.0),
 (905,872,21,10,202.0,2020.0),
 (906,873,31,5,118.0,590.0),
 (907,874,41,1,180.0,180.0),
 (908,875,51,2,490.0,980.0),
 (909,876,61,3,236.67,710.0),
 (910,877,71,4,412.5,1650.0),
 (911,878,81,2,230.0,460.0),
 (912,879,91,5,244.0,1220.0),
 (913,880,101,4,222.5,890.0),
 (914,881,111,2,167.5,335.0),
 (915,882,112,10,245.0,2450.0),
 (916,883,1,5,110.0,550.0),
 (917,884,12,1,165.0,165.0),
 (918,885,22,2,520.0,1040.0),
 (919,886,32,3,263.33,790.0),
 (920,887,42,4,445.0,1780.0),
 (921,888,52,2,210.0,420.0),
 (922,889,62,5,276.0,1380.0),
 (923,890,72,4,225.0,900.0),
 (924,891,82,2,170.0,340.0),
 (925,892,92,10,218.0,2180.0),
 (926,893,102,5,128.0,640.0),
 (927,894,112,1,195.0,195.0),
 (928,895,1,2,550.0,1100.0),
 (929,896,11,3,276.67,830.0),
 (930,897,21,4,460.0,1840.0),
 (931,898,31,2,235.0,470.0),
 (932,899,41,5,296.0,1480.0),
 (933,900,51,4,270.0,1080.0),
 (934,901,61,2,200.0,400.0),
 (935,902,71,10,238.0,2380.0),
 (936,903,81,5,140.0,700.0),
 (937,904,91,1,240.0,240.0),
 (938,905,101,2,625.0,1250.0),
 (939,906,111,3,296.67,890.0),
 (940,907,112,4,475.0,1900.0),
 (941,908,1,2,250.0,500.0),
 (942,909,12,5,240.0,1200.0),
 (943,910,22,4,240.0,960.0),
 (944,911,32,2,180.0,360.0),
 (945,912,42,10,210.0,2100.0),
 (946,913,52,5,120.0,600.0),
 (947,914,62,1,180.0,180.0),
 (948,915,72,2,525.0,1050.0),
 (949,916,82,3,266.67,800.0),
 (950,917,92,4,450.0,1800.0),
 (951,918,102,2,220.0,440.0),
 (952,919,112,5,256.0,1280.0),
 (953,920,1,4,237.5,950.0),
 (954,921,11,2,160.0,320.0),
 (955,922,21,10,220.0,2200.0),
 (956,923,31,5,144.0,720.0),
 (957,924,41,1,190.0,190.0),
 (958,925,51,2,500.0,1000.0),
 (959,926,61,3,250.0,750.0),
 (960,927,71,4,425.0,1700.0),
 (961,928,81,2,240.0,480.0),
 (962,929,91,5,280.0,1400.0),
 (963,930,101,4,250.0,1000.0),
 (964,931,111,2,190.0,380.0),
 (965,932,112,10,230.0,2300.0),
 (966,933,1,5,130.0,650.0),
 (967,934,12,1,220.0,220.0),
 (968,935,22,2,575.0,1150.0),
 (969,936,32,3,283.33,850.0),
 (970,937,42,4,462.5,1850.0),
 (971,938,52,2,240.0,480.0),
 (972,939,62,5,230.0,1150.0),
 (973,940,72,4,230.0,920.0),
 (974,941,82,2,180.0,360.0),
 (975,942,92,10,200.0,2000.0),
 (976,943,102,5,116.0,580.0),
 (977,944,112,1,170.0,170.0),
 (978,945,1,2,485.0,970.0),
 (979,946,11,3,233.33,700.0),
 (980,947,21,4,400.0,1600.0),
 (981,948,31,2,220.0,440.0),
 (982,949,41,5,240.0,1200.0),
 (983,950,51,4,220.0,880.0),
 (984,951,61,2,160.0,320.0),
 (985,952,71,10,240.0,2400.0),
 (986,953,81,5,108.0,540.0),
 (987,954,91,1,160.0,160.0),
 (988,955,101,2,510.0,1020.0),
 (989,956,111,3,260.0,780.0),
 (990,957,112,4,437.5,1750.0),
 (991,958,1,2,205.0,410.0),
 (992,959,12,5,270.0,1350.0),
 (993,960,22,4,227.5,910.0),
 (994,961,32,2,165.0,330.0),
 (995,962,42,10,215.0,2150.0),
 (996,963,52,5,126.0,630.0),
 (997,964,62,1,190.0,190.0),
 (998,965,72,2,540.0,1080.0),
 (999,966,82,3,273.33,820.0),
 (1000,967,92,4,455.0,1820.0),
 (1001,968,102,2,230.0,460.0),
 (1002,969,112,5,290.0,1450.0),
 (1003,970,1,4,262.5,1050.0),
 (1004,971,11,2,195.0,390.0),
 (1005,972,21,10,235.0,2350.0),
 (1006,973,31,5,136.0,680.0),
 (1007,974,41,1,230.0,230.0),
 (1008,975,51,2,600.0,1200.0),
 (1009,976,61,3,290.0,870.0),
 (1010,977,71,4,470.0,1880.0),
 (1011,978,81,2,245.0,490.0),
 (1012,979,91,5,236.0,1180.0),
 (1013,980,101,4,235.0,940.0),
 (1014,981,111,2,175.0,350.0),
 (1015,982,112,10,205.0,2050.0),
 (1016,983,1,5,114.0,570.0),
 (1017,984,12,1,175.0,175.0),
 (1018,985,22,2,495.0,990.0),
 (1019,986,32,3,243.33,730.0),
 (1020,987,42,4,452.5,1810.0),
 (1021,988,52,2,215.0,430.0),
 (1022,989,62,5,264.0,1320.0),
 (1023,990,72,4,232.5,930.0),
 (1024,991,82,2,155.0,310.0),
 (1025,992,92,10,225.0,2250.0),
 (1026,993,102,5,142.0,710.0),
 (1027,994,112,1,185.0,185.0),
 (1028,995,1,2,505.0,1010.0),
 (1029,996,11,3,253.33,760.0),
 (1030,997,21,4,430.0,1720.0),
 (1031,998,31,2,225.0,450.0),
 (1032,999,41,5,284.0,1420.0),
 (1033,1000,51,4,255.0,1020.0),
 (1034,1001,61,2,185.0,370.0),
 (1035,1002,71,10,232.0,2320.0),
 (1036,1003,81,5,132.0,660.0),
 (1037,1004,91,1,225.0,225.0),
 (1038,1005,101,2,590.0,1180.0),
 (1039,1006,111,3,286.67,860.0),
 (1040,1007,112,4,467.5,1870.0),
 (1041,1008,1,2,235.0,470.0),
 (1042,1009,12,5,234.0,1170.0),
 (1043,1010,22,4,232.5,930.0),
 (1044,1011,32,2,177.5,355.0),
 (1045,1012,42,10,202.0,2020.0),
 (1046,1013,52,5,118.0,590.0),
 (1047,1014,62,1,180.0,180.0),
 (1048,1015,72,2,490.0,980.0),
 (1049,1016,82,3,236.67,710.0),
 (1050,1017,92,4,412.5,1650.0),
 (1051,1018,102,2,230.0,460.0),
 (1052,1019,112,5,244.0,1220.0),
 (1053,1020,1,4,222.5,890.0),
 (1054,1021,11,2,167.5,335.0),
 (1055,1022,21,10,245.0,2450.0),
 (1056,1023,31,5,110.0,550.0),
 (1057,1024,41,1,165.0,165.0),
 (1058,1025,51,2,520.0,1040.0),
 (1059,1026,61,3,263.33,790.0),
 (1060,1027,71,4,445.0,1780.0),
 (1061,1028,81,2,210.0,420.0),
 (1062,1029,91,5,276.0,1380.0),
 (1063,1030,101,4,225.0,900.0),
 (1064,1031,111,2,170.0,340.0),
 (1065,1032,112,10,218.0,2180.0),
 (1066,1033,1,5,128.0,640.0),
 (1067,1034,12,1,195.0,195.0),
 (1068,1035,22,2,550.0,1100.0),
 (1069,1036,32,3,276.67,830.0),
 (1070,1037,42,4,460.0,1840.0),
 (1071,1038,52,2,235.0,470.0),
 (1072,1039,62,5,296.0,1480.0),
 (1073,1040,72,4,270.0,1080.0),
 (1074,1041,82,2,200.0,400.0),
 (1075,1042,92,10,238.0,2380.0),
 (1076,1043,102,5,140.0,700.0),
 (1077,1044,112,1,240.0,240.0),
 (1078,1045,1,2,625.0,1250.0),
 (1079,1046,11,3,296.67,890.0),
 (1080,1047,21,4,475.0,1900.0),
 (1081,1048,31,2,250.0,500.0),
 (1082,1049,41,5,240.0,1200.0),
 (1083,1050,51,4,240.0,960.0),
 (1084,1051,61,2,180.0,360.0),
 (1085,1052,71,10,210.0,2100.0),
 (1086,1053,81,5,120.0,600.0),
 (1087,1054,91,1,180.0,180.0),
 (1088,1055,101,2,525.0,1050.0),
 (1089,1056,111,3,266.67,800.0),
 (1090,1057,112,4,450.0,1800.0),
 (1091,1058,1,2,220.0,440.0),
 (1092,1059,12,5,256.0,1280.0),
 (1093,1060,22,4,237.5,950.0),
 (1094,1061,32,2,160.0,320.0),
 (1095,1062,42,10,220.0,2200.0),
 (1096,1063,52,5,144.0,720.0),
 (1097,1064,62,1,190.0,190.0),
 (1098,1065,72,2,500.0,1000.0),
 (1099,1066,82,3,250.0,750.0),
 (1100,1067,92,4,425.0,1700.0),
 (1101,1068,102,2,240.0,480.0),
 (1102,1069,112,5,280.0,1400.0),
 (1103,1070,1,4,250.0,1000.0),
 (1104,1071,11,2,190.0,380.0),
 (1105,1072,21,10,230.0,2300.0),
 (1106,1073,31,5,130.0,650.0),
 (1107,1074,41,1,220.0,220.0),
 (1108,1075,51,2,575.0,1150.0),
 (1109,1076,61,3,283.33,850.0),
 (1110,1077,71,4,462.5,1850.0),
 (1111,1078,81,2,240.0,480.0),
 (1112,1079,91,5,230.0,1150.0),
 (1113,1080,101,4,230.0,920.0),
 (1114,1081,111,2,180.0,360.0),
 (1115,1082,112,10,200.0,2000.0),
 (1116,1083,1,5,116.0,580.0),
 (1117,1084,12,1,170.0,170.0),
 (1118,1085,22,2,485.0,970.0),
 (1119,1086,32,3,233.33,700.0),
 (1120,1087,42,4,400.0,1600.0),
 (1121,1088,52,2,220.0,440.0),
 (1122,1089,62,5,240.0,1200.0),
 (1123,1090,72,4,220.0,880.0),
 (1124,1091,82,2,160.0,320.0),
 (1125,1092,92,10,240.0,2400.0),
 (1126,1093,102,5,108.0,540.0),
 (1127,1094,112,1,160.0,160.0),
 (1128,1095,1,2,510.0,1020.0),
 (1129,1096,11,3,260.0,780.0),
 (1130,1097,21,4,437.5,1750.0),
 (1131,1098,31,2,205.0,410.0),
 (1132,1099,41,5,270.0,1350.0),
 (1133,1100,51,4,227.5,910.0),
 (1134,1101,61,2,165.0,330.0),
 (1135,1102,71,10,215.0,2150.0),
 (1136,1103,81,5,126.0,630.0),
 (1137,1104,91,1,190.0,190.0),
 (1138,1105,101,2,540.0,1080.0),
 (1139,1106,111,3,273.33,820.0),
 (1140,1107,112,4,455.0,1820.0),
 (1141,1108,1,2,230.0,460.0),
 (1142,1109,12,5,290.0,1450.0),
 (1143,1110,22,4,262.5,1050.0),
 (1144,1111,32,2,195.0,390.0),
 (1145,1112,42,10,235.0,2350.0),
 (1146,1113,52,5,136.0,680.0),
 (1147,1114,62,1,230.0,230.0),
 (1148,1115,72,2,600.0,1200.0),
 (1149,1116,82,3,290.0,870.0),
 (1150,1117,92,4,470.0,1880.0),
 (1151,1118,102,2,245.0,490.0),
 (1152,1119,112,5,236.0,1180.0),
 (1153,1120,1,4,235.0,940.0),
 (1154,1121,11,2,175.0,350.0),
 (1155,1122,21,10,205.0,2050.0),
 (1156,1123,31,5,114.0,570.0),
 (1157,1124,41,1,175.0,175.0),
 (1158,1125,51,2,495.0,990.0),
 (1159,1126,61,3,243.33,730.0),
 (1160,1127,71,4,452.5,1810.0),
 (1161,1128,81,2,215.0,430.0),
 (1162,1129,91,5,264.0,1320.0),
 (1163,1130,101,4,232.5,930.0),
 (1164,1131,111,2,155.0,310.0),
 (1165,1132,112,10,225.0,2250.0),
 (1166,1133,1,5,142.0,710.0),
 (1167,1134,12,1,185.0,185.0),
 (1168,1135,22,2,505.0,1010.0),
 (1169,1136,32,3,253.33,760.0),
 (1170,1137,42,4,430.0,1720.0),
 (1171,1138,52,2,225.0,450.0),
 (1172,1139,62,5,284.0,1420.0),
 (1173,1140,72,4,255.0,1020.0),
 (1174,1141,82,2,185.0,370.0),
 (1175,1142,92,10,232.0,2320.0),
 (1176,1143,102,5,132.0,660.0),
 (1177,1144,112,1,225.0,225.0),
 (1178,1145,1,2,590.0,1180.0),
 (1179,1146,11,3,286.67,860.0),
 (1180,1147,21,4,467.5,1870.0),
 (1181,1148,31,2,235.0,470.0),
 (1182,1149,41,5,234.0,1170.0),
 (1183,1150,51,4,232.5,930.0),
 (1184,1151,61,2,177.5,355.0),
 (1185,1152,71,10,202.0,2020.0),
 (1186,1153,81,5,118.0,590.0),
 (1187,1154,91,1,180.0,180.0),
 (1188,1155,101,2,490.0,980.0),
 (1189,1156,111,3,236.67,710.0),
 (1190,1157,112,4,412.5,1650.0),
 (1191,1158,1,2,230.0,460.0),
 (1192,1159,12,5,244.0,1220.0),
 (1193,1160,22,4,222.5,890.0),
 (1194,1161,32,2,167.5,335.0),
 (1195,1162,42,10,245.0,2450.0),
 (1196,1163,52,5,110.0,550.0),
 (1197,1164,62,1,165.0,165.0),
 (1198,1165,72,2,520.0,1040.0),
 (1199,1166,82,3,263.33,790.0),
 (1200,1167,92,4,445.0,1780.0),
 (1201,1168,102,2,210.0,420.0),
 (1202,1169,112,5,276.0,1380.0),
 (1203,1170,1,4,225.0,900.0),
 (1204,1171,11,2,170.0,340.0),
 (1205,1172,21,10,218.0,2180.0),
 (1206,1173,31,5,128.0,640.0),
 (1207,1174,41,1,195.0,195.0),
 (1208,1175,51,2,550.0,1100.0),
 (1209,1176,61,3,276.67,830.0),
 (1210,1177,71,4,460.0,1840.0),
 (1211,1178,81,2,235.0,470.0),
 (1212,1179,91,5,296.0,1480.0),
 (1213,1180,101,4,270.0,1080.0),
 (1214,1181,111,2,200.0,400.0),
 (1215,1182,112,10,238.0,2380.0),
 (1216,1183,1,5,140.0,700.0),
 (1217,1184,12,1,240.0,240.0),
 (1218,1185,22,2,625.0,1250.0),
 (1219,1186,32,3,296.67,890.0),
 (1220,1187,42,4,475.0,1900.0),
 (1221,1188,52,2,250.0,500.0),
 (1222,1189,62,5,240.0,1200.0),
 (1223,1190,72,4,240.0,960.0),
 (1224,1191,82,2,180.0,360.0),
 (1225,1192,92,10,210.0,2100.0),
 (1226,1193,102,5,120.0,600.0),
 (1227,1194,112,1,180.0,180.0),
 (1228,1195,1,2,525.0,1050.0),
 (1229,1196,11,3,266.67,800.0),
 (1230,1197,21,4,450.0,1800.0),
 (1231,1198,31,2,220.0,440.0),
 (1232,1199,41,5,256.0,1280.0),
 (1233,1200,51,4,237.5,950.0),
 (1234,1201,61,2,160.0,320.0),
 (1235,1202,71,10,220.0,2200.0),
 (1236,1203,81,5,144.0,720.0),
 (1237,1204,91,1,190.0,190.0),
 (1238,1205,101,2,500.0,1000.0),
 (1239,1206,111,3,250.0,750.0),
 (1240,1207,112,4,425.0,1700.0),
 (1241,1208,1,2,240.0,480.0),
 (1242,1209,12,5,280.0,1400.0),
 (1243,1210,22,4,250.0,1000.0),
 (1244,1211,32,2,190.0,380.0),
 (1245,1212,42,10,230.0,2300.0),
 (1246,1213,52,5,130.0,650.0),
 (1247,1214,62,1,220.0,220.0),
 (1248,1215,72,2,575.0,1150.0),
 (1249,1216,82,3,283.33,850.0),
 (1250,1217,92,4,462.5,1850.0),
 (1251,1218,102,2,240.0,480.0),
 (1252,1219,112,5,230.0,1150.0),
 (1253,1220,1,4,230.0,920.0),
 (1254,1221,11,2,180.0,360.0),
 (1255,1222,21,10,200.0,2000.0),
 (1256,1223,31,5,116.0,580.0),
 (1257,1224,41,1,170.0,170.0),
 (1258,1225,51,2,485.0,970.0),
 (1259,1226,61,3,233.33,700.0),
 (1260,1227,71,4,400.0,1600.0),
 (1261,1228,81,2,220.0,440.0),
 (1262,1229,91,5,240.0,1200.0),
 (1263,1230,101,4,220.0,880.0),
 (1264,1231,111,2,160.0,320.0),
 (1265,1232,112,10,240.0,2400.0),
 (1266,1233,1,5,108.0,540.0),
 (1267,1234,12,1,160.0,160.0),
 (1268,1235,22,2,510.0,1020.0),
 (1269,1236,32,3,260.0,780.0),
 (1270,1237,42,4,437.5,1750.0),
 (1271,1238,52,2,205.0,410.0),
 (1272,1239,62,5,270.0,1350.0),
 (1273,1240,72,4,227.5,910.0),
 (1274,1241,82,2,165.0,330.0),
 (1275,1242,92,10,215.0,2150.0),
 (1276,1243,102,5,126.0,630.0),
 (1277,1244,112,1,190.0,190.0),
 (1278,1245,1,2,540.0,1080.0),
 (1279,1246,11,3,273.33,820.0),
 (1280,1247,21,4,455.0,1820.0),
 (1281,1248,31,2,230.0,460.0),
 (1282,1249,41,5,290.0,1450.0),
 (1283,1250,51,4,262.5,1050.0),
 (1284,1251,61,2,195.0,390.0),
 (1285,1252,71,10,235.0,2350.0),
 (1286,1253,81,5,136.0,680.0),
 (1287,1254,91,1,230.0,230.0),
 (1288,1255,101,2,600.0,1200.0),
 (1289,1256,111,3,290.0,870.0),
 (1290,1257,112,4,470.0,1880.0),
 (1291,1258,1,2,245.0,490.0),
 (1292,1259,12,5,236.0,1180.0),
 (1293,1260,22,4,235.0,940.0),
 (1294,1261,32,2,175.0,350.0),
 (1295,1262,42,10,205.0,2050.0),
 (1296,1263,52,5,114.0,570.0),
 (1297,1264,62,1,175.0,175.0),
 (1298,1265,72,2,495.0,990.0),
 (1299,1266,82,3,243.33,730.0),
 (1300,1267,92,4,452.5,1810.0),
 (1301,1268,102,2,215.0,430.0),
 (1302,1269,112,5,264.0,1320.0),
 (1303,1270,1,4,232.5,930.0),
 (1304,1271,11,2,155.0,310.0),
 (1305,1272,21,10,225.0,2250.0),
 (1306,1273,31,5,142.0,710.0),
 (1307,1274,41,1,185.0,185.0),
 (1308,1275,51,2,505.0,1010.0),
 (1309,1276,61,3,253.33,760.0),
 (1310,1277,71,4,430.0,1720.0),
 (1311,1278,81,2,225.0,450.0),
 (1312,1279,91,5,284.0,1420.0),
 (1313,1280,101,4,255.0,1020.0),
 (1314,1281,111,2,185.0,370.0),
 (1315,1282,112,10,232.0,2320.0),
 (1316,1283,1,5,132.0,660.0),
 (1317,1284,12,1,225.0,225.0),
 (1318,1285,22,2,590.0,1180.0),
 (1319,1286,32,3,286.67,860.0),
 (1320,1287,42,4,467.5,1870.0),
 (1321,1288,52,2,235.0,470.0),
 (1322,1289,62,5,234.0,1170.0),
 (1323,1290,72,4,232.5,930.0),
 (1324,1291,82,2,177.5,355.0),
 (1325,1292,92,10,202.0,2020.0),
 (1326,1293,102,5,118.0,590.0),
 (1327,1294,112,1,180.0,180.0),
 (1328,1295,1,2,490.0,980.0),
 (1329,1296,11,3,236.67,710.0),
 (1330,1297,21,4,412.5,1650.0),
 (1331,1298,31,2,230.0,460.0),
 (1332,1299,41,5,244.0,1220.0),
 (1333,1300,51,4,222.5,890.0),
 (1334,1301,61,2,167.5,335.0),
 (1335,1302,71,10,245.0,2450.0),
 (1336,1303,81,5,110.0,550.0),
 (1337,1304,91,1,165.0,165.0),
 (1338,1305,101,2,520.0,1040.0),
 (1339,1306,111,3,263.33,790.0),
 (1340,1307,112,4,445.0,1780.0),
 (1341,1308,1,2,210.0,420.0),
 (1342,1309,12,5,276.0,1380.0),
 (1343,1310,22,4,225.0,900.0),
 (1344,1311,32,2,170.0,340.0),
 (1345,1312,42,10,218.0,2180.0),
 (1346,1313,52,5,128.0,640.0),
 (1347,1314,62,1,195.0,195.0),
 (1348,1315,72,2,550.0,1100.0),
 (1349,1316,82,3,276.67,830.0),
 (1350,1317,92,4,460.0,1840.0),
 (1351,1318,102,2,235.0,470.0),
 (1352,1319,112,5,296.0,1480.0),
 (1353,1320,1,4,270.0,1080.0),
 (1354,1321,11,2,200.0,400.0),
 (1355,1322,21,10,238.0,2380.0),
 (1356,1323,31,5,140.0,700.0),
 (1357,1324,41,1,240.0,240.0),
 (1358,1325,51,2,625.0,1250.0),
 (1359,1326,61,3,296.67,890.0),
 (1360,1327,71,4,475.0,1900.0),
 (1361,1328,81,2,250.0,500.0),
 (1362,1329,91,5,240.0,1200.0),
 (1363,1330,101,4,240.0,960.0),
 (1364,1331,111,2,180.0,360.0),
 (1365,1332,112,10,210.0,2100.0),
 (1366,1333,1,5,120.0,600.0),
 (1367,1334,12,1,180.0,180.0),
 (1368,1335,22,2,525.0,1050.0),
 (1369,1336,32,3,266.67,800.0),
 (1370,1337,42,4,450.0,1800.0),
 (1371,1338,52,2,220.0,440.0),
 (1372,1339,62,5,256.0,1280.0),
 (1373,1340,72,4,237.5,950.0),
 (1374,1341,82,2,160.0,320.0),
 (1375,1342,92,10,220.0,2200.0),
 (1376,1343,102,5,144.0,720.0),
 (1377,1344,112,1,190.0,190.0),
 (1378,1345,1,2,500.0,1000.0),
 (1379,1346,11,3,250.0,750.0),
 (1380,1347,21,4,425.0,1700.0),
 (1381,1348,31,2,240.0,480.0),
 (1382,1349,41,5,280.0,1400.0),
 (1383,1350,51,4,250.0,1000.0),
 (1384,1351,61,2,190.0,380.0),
 (1385,1352,71,10,230.0,2300.0),
 (1386,1353,81,5,130.0,650.0),
 (1387,1354,91,1,220.0,220.0),
 (1388,1355,101,2,575.0,1150.0),
 (1389,1356,111,3,283.33,850.0),
 (1390,1357,112,4,462.5,1850.0),
 (1391,1358,1,2,240.0,480.0),
 (1392,1359,12,5,230.0,1150.0),
 (1393,1360,22,4,230.0,920.0),
 (1394,1361,32,2,180.0,360.0),
 (1395,1362,42,10,200.0,2000.0),
 (1396,1363,52,5,116.0,580.0),
 (1397,1364,62,1,170.0,170.0),
 (1398,1365,72,2,485.0,970.0),
 (1399,1366,82,3,233.33,700.0),
 (1400,1367,92,4,400.0,1600.0),
 (1401,1368,102,2,220.0,440.0),
 (1402,1369,112,5,240.0,1200.0),
 (1403,1370,1,4,220.0,880.0),
 (1404,1371,11,2,160.0,320.0),
 (1405,1372,21,10,240.0,2400.0),
 (1406,1373,31,5,108.0,540.0),
 (1407,1374,41,1,160.0,160.0),
 (1408,1375,51,2,510.0,1020.0),
 (1409,1376,61,3,260.0,780.0),
 (1410,1377,71,4,437.5,1750.0),
 (1411,1378,81,2,205.0,410.0),
 (1412,1379,91,5,270.0,1350.0),
 (1413,1380,101,4,227.5,910.0),
 (1414,1381,111,2,165.0,330.0),
 (1415,1382,112,10,215.0,2150.0),
 (1416,1383,1,5,126.0,630.0),
 (1417,1384,12,1,190.0,190.0),
 (1418,1385,22,2,540.0,1080.0),
 (1419,1386,32,3,273.33,820.0),
 (1420,1387,42,4,455.0,1820.0),
 (1421,1388,52,2,230.0,460.0),
 (1422,1389,62,5,290.0,1450.0),
 (1423,1390,72,4,262.5,1050.0),
 (1424,1391,82,2,195.0,390.0),
 (1425,1392,92,10,235.0,2350.0),
 (1426,1393,102,5,136.0,680.0),
 (1427,1394,112,1,230.0,230.0),
 (1428,1395,1,2,600.0,1200.0),
 (1429,1396,11,3,290.0,870.0),
 (1430,1397,21,4,470.0,1880.0),
 (1431,1398,31,2,245.0,490.0),
 (1432,1399,41,5,236.0,1180.0),
 (1433,1400,51,4,235.0,940.0),
 (1434,1401,61,2,175.0,350.0),
 (1435,1402,71,10,205.0,2050.0),
 (1436,1403,81,5,114.0,570.0),
 (1437,1404,91,1,175.0,175.0),
 (1438,1405,101,2,495.0,990.0),
 (1439,1406,111,3,243.33,730.0),
 (1440,1407,112,4,452.5,1810.0),
 (1441,1408,1,2,215.0,430.0),
 (1442,1409,12,5,264.0,1320.0),
 (1443,1410,22,4,232.5,930.0),
 (1444,1411,32,2,155.0,310.0),
 (1445,1412,42,10,225.0,2250.0),
 (1446,1413,52,5,142.0,710.0),
 (1447,1414,62,1,185.0,185.0),
 (1448,1415,72,2,505.0,1010.0),
 (1449,1416,82,3,253.33,760.0),
 (1450,1417,92,4,430.0,1720.0),
 (1451,1418,102,2,225.0,450.0),
 (1452,1419,112,5,284.0,1420.0),
 (1453,1420,1,4,255.0,1020.0),
 (1454,1421,11,2,185.0,370.0),
 (1455,1422,21,10,232.0,2320.0),
 (1456,1423,31,5,132.0,660.0),
 (1457,1424,41,1,225.0,225.0),
 (1458,1425,51,2,590.0,1180.0),
 (1459,1426,61,3,286.67,860.0),
 (1460,1427,71,4,467.5,1870.0),
 (1461,1428,81,2,235.0,470.0),
 (1462,1429,91,5,234.0,1170.0),
 (1463,1430,101,4,232.5,930.0),
 (1464,1431,111,2,177.5,355.0),
 (1465,1432,112,10,202.0,2020.0),
 (1466,1433,1,5,118.0,590.0),
 (1467,1434,12,1,180.0,180.0),
 (1468,1435,22,2,490.0,980.0),
 (1469,1436,32,3,236.67,710.0),
 (1470,1437,42,4,412.5,1650.0),
 (1471,1438,52,2,230.0,460.0),
 (1472,1439,62,5,244.0,1220.0),
 (1473,1440,72,4,222.5,890.0),
 (1474,1441,82,2,167.5,335.0),
 (1475,1442,92,10,245.0,2450.0),
 (1476,1443,102,5,110.0,550.0),
 (1477,1444,112,1,165.0,165.0),
 (1478,1445,1,2,520.0,1040.0),
 (1479,1446,11,3,263.33,790.0),
 (1480,1447,21,4,445.0,1780.0),
 (1481,1448,31,2,210.0,420.0),
 (1482,1449,41,5,276.0,1380.0),
 (1483,1450,51,4,225.0,900.0),
 (1484,1451,61,2,170.0,340.0),
 (1485,1452,71,10,218.0,2180.0),
 (1486,1453,81,5,128.0,640.0),
 (1487,1454,91,1,195.0,195.0),
 (1488,1455,101,2,550.0,1100.0),
 (1489,1456,111,3,276.67,830.0),
 (1490,1457,112,4,460.0,1840.0),
 (1491,1458,1,2,235.0,470.0),
 (1492,1459,12,5,296.0,1480.0),
 (1493,1460,22,4,270.0,1080.0),
 (1494,1461,32,2,200.0,400.0),
 (1495,1462,42,10,238.0,2380.0),
 (1496,1463,52,5,140.0,700.0),
 (1497,1464,62,1,240.0,240.0),
 (1498,1465,72,2,625.0,1250.0),
 (1499,1466,82,3,296.67,890.0),
 (1500,1467,92,4,475.0,1900.0),
 (1501,1468,102,2,250.0,500.0),
 (1502,1469,112,5,240.0,1200.0),
 (1503,1470,1,4,240.0,960.0),
 (1504,1471,11,2,180.0,360.0),
 (1505,1472,21,10,210.0,2100.0),
 (1506,1473,31,5,120.0,600.0),
 (1507,1474,41,1,180.0,180.0),
 (1508,1475,51,2,525.0,1050.0),
 (1509,1476,61,3,266.67,800.0),
 (1510,1477,71,4,450.0,1800.0),
 (1511,1478,81,2,220.0,440.0),
 (1512,1479,91,5,256.0,1280.0),
 (1513,1480,101,4,237.5,950.0),
 (1514,1481,111,2,160.0,320.0),
 (1515,1482,112,10,220.0,2200.0),
 (1516,1483,1,5,144.0,720.0),
 (1517,1484,12,1,190.0,190.0),
 (1518,1485,22,2,500.0,1000.0),
 (1519,1486,32,3,250.0,750.0),
 (1520,1487,42,4,425.0,1700.0),
 (1521,1488,52,2,240.0,480.0),
 (1522,1489,62,5,280.0,1400.0),
 (1523,1490,72,4,250.0,1000.0),
 (1524,1491,82,2,190.0,380.0),
 (1525,1492,92,10,230.0,2300.0),
 (1526,1493,102,5,130.0,650.0),
 (1527,1494,112,1,220.0,220.0),
 (1528,1495,1,2,575.0,1150.0),
 (1529,1496,11,3,283.33,850.0),
 (1530,1497,21,4,462.5,1850.0),
 (1531,1498,31,2,240.0,480.0),
 (1532,1499,41,5,230.0,1150.0),
 (1533,1500,51,4,230.0,920.0),
 (1534,1501,61,2,180.0,360.0),
 (1535,1502,71,10,200.0,2000.0),
 (1536,1503,81,5,116.0,580.0),
 (1537,1504,91,1,170.0,170.0),
 (1538,1505,101,2,485.0,970.0),
 (1539,1506,111,3,233.33,700.0),
 (1540,1507,112,4,400.0,1600.0),
 (1541,1508,1,2,220.0,440.0),
 (1542,1509,12,5,240.0,1200.0),
 (1543,1510,22,4,220.0,880.0),
 (1544,1511,32,2,160.0,320.0),
 (1545,1512,42,10,240.0,2400.0),
 (1546,1513,52,5,108.0,540.0),
 (1547,1514,62,1,160.0,160.0),
 (1548,1515,72,2,510.0,1020.0),
 (1549,1516,82,3,260.0,780.0),
 (1550,1517,92,4,437.5,1750.0),
 (1551,1518,102,2,205.0,410.0),
 (1552,1519,112,5,270.0,1350.0),
 (1553,1520,1,4,227.5,910.0),
 (1554,1521,11,2,165.0,330.0),
 (1555,1522,21,10,215.0,2150.0),
 (1556,1523,31,5,126.0,630.0),
 (1557,1524,41,1,190.0,190.0),
 (1558,1525,51,2,540.0,1080.0),
 (1559,1526,61,3,273.33,820.0),
 (1560,1527,71,4,455.0,1820.0),
 (1561,1528,81,2,230.0,460.0),
 (1562,1529,91,5,290.0,1450.0),
 (1563,1530,101,4,262.5,1050.0),
 (1564,1531,111,2,195.0,390.0),
 (1565,1532,112,10,235.0,2350.0),
 (1566,1533,1,5,136.0,680.0),
 (1567,1534,12,1,230.0,230.0),
 (1568,1535,22,2,600.0,1200.0),
 (1569,1536,32,3,290.0,870.0),
 (1570,1537,42,4,470.0,1880.0),
 (1571,1538,52,2,245.0,490.0),
 (1572,1539,62,5,236.0,1180.0),
 (1573,1540,72,4,235.0,940.0),
 (1574,1541,82,2,175.0,350.0),
 (1575,1542,92,10,205.0,2050.0),
 (1576,1543,102,5,114.0,570.0),
 (1577,1544,112,1,175.0,175.0),
 (1578,1545,1,2,495.0,990.0),
 (1579,1546,11,3,243.33,730.0),
 (1580,1547,21,4,452.5,1810.0),
 (1581,1548,31,2,215.0,430.0),
 (1582,1549,41,5,264.0,1320.0),
 (1583,1550,51,4,232.5,930.0),
 (1584,1551,61,2,155.0,310.0),
 (1585,1552,71,10,225.0,2250.0),
 (1586,1553,81,5,142.0,710.0),
 (1587,1554,91,1,185.0,185.0),
 (1588,1555,101,2,505.0,1010.0),
 (1589,1556,111,3,253.33,760.0),
 (1590,1557,112,4,430.0,1720.0),
 (1591,1558,1,2,225.0,450.0),
 (1592,1559,12,5,284.0,1420.0),
 (1593,1560,22,4,255.0,1020.0),
 (1594,1561,32,2,185.0,370.0),
 (1595,1562,42,10,232.0,2320.0),
 (1596,1563,52,5,132.0,660.0),
 (1597,1564,62,1,225.0,225.0),
 (1598,1565,72,2,590.0,1180.0);
CREATE VIEW VistaCantidadCliente AS
SELECT 
	COUNT(DISTINCT cteCodigo) AS ClientesUnicos
FROM cliente;
CREATE VIEW VistaDesviacionEstandar AS
SELECT 
    ROUND(AVG(p.proPrecio), 2) AS promedio,
    ROUND(SQRT(AVG((p.proPrecio - (
        SELECT AVG(vd.precio_unitario)
        FROM venta_detalle AS vd
    )) * (p.proPrecio - (
        SELECT AVG(vd.precio_unitario)
        FROM venta_detalle AS vd
    )))), 2) AS desviacion_estandar
FROM 
	producto AS p;
CREATE VIEW VistaGastoPromedioPorCliente AS
SELECT 
	c.cteNombre AS Nombre_Cliente, 
	c.cteApellido AS Apellido_Cliente,
    ROUND(AVG(v.vtaTotal),2) AS GastoPromedio,
    COUNT(v.vtaCodigo) AS Frecuencia,
    MAX(v.vtaFecha) AS UltimaFechadeCompra
FROM 
	venta AS v
INNER JOIN 
	venta_detalle AS vd ON v.vtaCodigo = vd.vtaCodigo
LEFT JOIN 
	cliente AS c ON v.cteCodigo = c.cteCodigo
GROUP BY 
	v.cteCodigo
ORDER BY 
	GastoPromedio DESC
LIMIT 10;
CREATE VIEW VistaIngresoProductoPorCategoria AS
SELECT 
	c.catNombre AS Categoria,
	ROUND(SUM(vd.subtotal),2) AS Ingresos,
	SUM(vd.unidad) AS unidadesVendidas
FROM 
	venta_detalle AS vd
LEFT JOIN 
	producto AS p ON vd.proCodigo = p.proCodigo
LEFT JOIN 
	categoria AS c ON p.catCodigo = c.catCodigo
GROUP BY 
	Categoria
ORDER BY 
	Ingresos DESC
LIMIT 5;
CREATE VIEW VistaIngresosAnuales AS
SELECT
    SUBSTR(vtaFecha, 0, 5) AS Year,
    SUM(vtaTotal) AS Ingresos
FROM
    venta
GROUP BY
    Year
ORDER BY
    Year;
CREATE VIEW VistaIngresosPorRegion AS
SELECT 
    t.tieRegion AS Region,
    SUM(v.vtaTotal) AS Ingreso,
    SUM(vd.unidad) AS unidades_vendidas,
    COUNT(vd.vtaCodigo) AS nro_transacciones
FROM 
	venta AS v
JOIN 
	tienda AS t ON v.tieCodigo = t.tieCodigo
JOIN 
	venta_detalle AS vd ON v.vtaCodigo = vd.vtaCodigo
GROUP BY 
	Region
ORDER BY 
	Ingreso DESC;
CREATE VIEW VistaIngresosPorTienda AS
SELECT 
    t.tieNombre AS Tienda, t.tieRegion AS Region,
    SUM(vd.subtotal) AS Ingresos,
    SUM(vd.unidad) AS volumen_unidades_vendidas,
    COUNT(v.vtaCodigo) AS transacciones_ventas
FROM 
	venta_detalle AS vd
JOIN 
	venta AS v ON vd.vtaCodigo = v.vtaCodigo
JOIN 
	tienda AS t ON v.tieCodigo = t.tieCodigo
GROUP BY 
	t.tieCodigo, t.tieNombre, t.tieRegion
ORDER BY 
	Ingresos DESC;
CREATE VIEW VistaMargenPromedioGeneral AS
SELECT 
    ROUND(AVG(v.vtaTotal) - AVG(p.proPrecio), 2) AS Margen_promedio_general
FROM 
	venta AS v
JOIN 
	producto AS p;
CREATE VIEW VistaPrecioPromedioPorPorducto AS
SELECT 
    SUM(vd.subtotal) AS Ingreso,
    COUNT(vd.vtaCodigo) AS veces_vendidas,
    ROUND(SUM(vd.subtotal) / SUM(vd.unidad), 2) AS precio_promedio,
    p.proPrecio AS precio_maestro
FROM 
	venta_detalle AS vd
JOIN 
	producto AS p ON vd.proCodigo = p.proCodigo
GROUP BY 
	vd.proCodigo
ORDER BY 
	Ingreso DESC;
CREATE VIEW VistaPrecioVentavsCosto AS
SELECT 
    p.proNombre AS Nombre_Producto,
    ROUND(AVG(vd.precio_unitario), 2) AS precio_promedio,
    ROUND(AVG(p.proCosto), 2) AS costo_promedio,
    ROUND(AVG(vd.precio_unitario) - AVG(p.proCosto), 2) AS margen_promedio
FROM 
	producto AS p
JOIN 
	venta_detalle AS vd ON p.proCodigo = vd.proCodigo
GROUP BY 
	p.proCodigo, p.proNombre
HAVING 
	AVG(vd.precio_unitario) < AVG(p.proCosto)
ORDER BY 
	margen_promedio DESC;
CREATE VIEW VistaProductoBajoRendimiento AS
SELECT 
	p.proNombre AS  Nombre_Producto, 
	c.catNombre AS Categoria,
	SUM(vd.unidad) AS unidadesVendidas
FROM 
	venta_detalle AS vd
LEFT JOIN 
	producto AS p ON vd.proCodigo = p.proCodigo
LEFT JOIN 
	categoria AS c ON p.catCodigo = c.catCodigo
GROUP BY 
	vd.proCodigo
HAVING 
	unidadesVendidas < 50
ORDER BY 
	unidadesVendidas
LIMIT 20;
CREATE VIEW VistaProductoMargenNegativo AS
SELECT 
    p.proNombre AS Nombre_Producto,
    AVG(vd.precio_unitario) AS precio_promedio,
    AVG(p.proCosto) AS costo_promedio,
    ROUND(AVG(vd.precio_unitario) - AVG(p.proCosto), 2) AS margen
FROM 
	producto AS p
JOIN 
	venta_detalle AS vd ON p.proCodigo = vd.proCodigo
GROUP BY 
	p.proCodigo
HAVING 
	precio_promedio < costo_promedio
ORDER BY 
	margen DESC;
CREATE VIEW VistaProductosCompradosJuntos AS
SELECT 
	p1.proNombre AS producto1,
    p2.proNombre AS producto2,
    COUNT(*) AS veces_juntos
FROM 
	venta_detalle AS v1
JOIN 
	venta_detalle AS v2 ON v1.vtaCodigo = v2.vtaCodigo AND v1.proCodigo < v2.proCodigo
JOIN 
	producto AS p1 ON v1.proCodigo = p1.proCodigo
JOIN 
	producto AS p2 ON v2.proCodigo = p2.proCodigo
GROUP BY 
	producto1, producto2
ORDER BY 
	veces_juntos DESC;
CREATE VIEW VistaProductosMasVendidosPorCantidad AS
SELECT
    SUM(vd.unidad) AS Unidades_Vendidas,
	ROUND(SUM(vd.subtotal),2) AS Ingresos,
	proNombre AS Nombre_Producto
FROM 
	venta_detalle AS vd
LEFT JOIN 
	producto AS p ON vd.proCodigo = p.proCodigo
GROUP BY
	p.proCodigo
ORDER BY 
	Unidades_Vendidas DESC
LIMIT 10;
CREATE VIEW VistaProductosPorIngresos AS
SELECT 
	p.proNombre AS Nombre_Producto, 
    SUM(vd.subtotal) AS Ingresos,
    SUM(vd.unidad) AS Unidades_Vendidas
FROM 
	venta_detalle AS vd
LEFT JOIN 
	producto AS p ON vd.proCodigo = p.proCodigo
GROUP BY 
	Nombre_Producto
ORDER BY 
	Ingresos DESC
LIMIT 10;
CREATE VIEW VistaPromedioVentaPorTienda AS
SELECT 
    t.tieNombre AS Tienda,
    SUM(v.vtaTotal) AS Ingreso,
    COUNT(v.vtaCodigo) AS cantidad_transacciones,
    ROUND(SUM(v.vtaTotal) / COUNT(v.vtaCodigo), 2) AS promedio_ventas_transaccion
FROM 
	venta AS v
JOIN 
	tienda AS t ON v.tieCodigo = t.tieCodigo
GROUP BY 
	v.tieCodigo
ORDER BY 
	Ingreso DESC;
CREATE VIEW VistaPromedioVentaPorTransaccion AS
SELECT 
	ROUND(AVG(vtaTotal),2) AS Promedio_Ventas_por_Trasaccion 
FROM venta;
CREATE VIEW VistaRecenciaPorcliente AS
SELECT 
    c.cteNombre AS Nombre_Cliente,
    c.cteApellido AS Apellido_Cliente,
    ROUND(julianday(date('now')) - julianday(MAX(v.vtaFecha)), 0) AS Recencia_dias,
    COUNT(v.vtaCodigo) AS Frecuencia,
    ROUND(SUM(v.vtaTotal), 2) AS valor_monetario
FROM 
	cliente AS c
JOIN 
	venta AS v ON c.cteCodigo = v.cteCodigo
GROUP BY 
	Nombre_Cliente, Apellido_Cliente;
CREATE VIEW VistaTendenciaVentasporMes AS
SELECT 
	STRFTIME('%Y',vtaFecha) AS Anio, 
	STRFTIME('%m',vtaFecha) AS Mes, 
	ROUND(SUM(vtaTotal),2) AS Ingresos,
	SUM(unidad) AS Unidades_Vendidas,
	COUNT(v.vtaCodigo) AS Nro_Transacciones
FROM 
	venta AS v
JOIN
	venta_detalle AS vd ON v.vtaCodigo = vd.vtaCodigo
GROUP BY 
	Anio, Mes
ORDER BY 
	Anio DESC, Mes DESC
LIMIT 24;
CREATE VIEW VistaTotalTransacciones AS
SELECT 
	SUM(unidad) AS Total_Transacciones
FROM venta_detalle;
CREATE INDEX IF NOT EXISTS "idx_cliente_fechaRegistro" ON "cliente" (
	"cteFechaRegistro"
);
CREATE INDEX IF NOT EXISTS "idx_cliente_nombre_apellido" ON "cliente" (
	"cteNombre",
	"cteApellido"
);
CREATE INDEX IF NOT EXISTS "idx_producto_catCodigo" ON "producto" (
	"catCodigo"
);
CREATE INDEX IF NOT EXISTS "idx_producto_estado" ON "producto" (
	"proActivo",
	"proParaLaVenta"
);
CREATE INDEX IF NOT EXISTS "idx_producto_stock" ON "producto" (
	"proStock"
);
CREATE INDEX IF NOT EXISTS "idx_tienda_ciudad_region" ON "tienda" (
	"tieCiudad",
	"tieRegion"
);
CREATE INDEX IF NOT EXISTS "idx_venta_cteCodigo" ON "venta" (
	"cteCodigo"
);
CREATE INDEX IF NOT EXISTS "idx_venta_detalle_proCodigo" ON "venta_detalle" (
	"proCodigo"
);
CREATE INDEX IF NOT EXISTS "idx_venta_detalle_vtaCodigo" ON "venta_detalle" (
	"vtaCodigo"
);
CREATE INDEX IF NOT EXISTS "idx_venta_fecha_hora" ON "venta" (
	"vtaFecha",
	"vtaHora"
);
CREATE INDEX IF NOT EXISTS "idx_venta_tieCodigo" ON "venta" (
	"tieCodigo"
);
CREATE INDEX IF NOT EXISTS "idx_venta_vtaTotal" ON "venta" (
	"vtaTotal"
);
COMMIT;
